id,location,depth,mag,energy,place,date,time
us6000bze9,us,105.07,4,6.31E+15,"15 km SSE of Kocaaliler, Turkey",9/21/2020,4:56 PM
us6000bzek,us,10,5.6,2.51E+17,"21 km NW of Kultuk, Russia",9/21/2020,6:04 PM
us6000bzeq,us,10,4.7,3.16E+16,"127 km ENE of â€˜Ohonua, Tonga",9/21/2020,5:57 PM
us6000bzeu,us,22.07,2.4,1.58E+14,"32 km WSW of Augusta, Montana",9/21/2020,3:19 PM
us6000bzf0,us,10,2.5,2.00E+14,"53 km ENE of San Vicente, Mexico",9/19/2020,12:41 AM
us6000bzfh,us,12.74,2.4,1.58E+14,"16 km SW of Stanley, Idaho",9/21/2020,6:55 PM
us6000bzfi,us,39.62,4.4,1.58E+16,"21 km W of HÄjo, India",9/21/2020,7:58 PM
us6000bzft,us,102.44,4.1,7.94E+15,"51 km E of Arica, Chile",9/21/2020,8:18 PM
us6000bzfz,us,10,4.6,2.51E+16,"15 km WNW of Kultuk, Russia",9/21/2020,6:19 PM
us6000bzh7,us,21.67,3.7,3.16E+15,"150 km S of False Pass, Alaska",9/21/2020,2:51 AM
us6000bzhr,us,10,3.5,2.00E+15,"218 km SSE of Old Harbor, Alaska",9/21/2020,5:32 AM
us6000bzj4,us,172.43,5,6.31E+16,Banda Sea,9/22/2020,1:19 AM
us6000bzj9,us,10,2.2,1.00E+14,"4 km WNW of Dubrava, Croatia",9/22/2020,12:37 AM
us6000bzjd,us,110.87,2.5,2.00E+14,"Rat Islands, Aleutian Islands, Alaska",9/9/2020,9:52 AM
us6000bzjh,us,10,2.9,5.01E+14,"169 km S of Nikolski, Alaska",9/9/2020,3:25 PM
us6000bzjk,us,137.27,2.9,5.01E+14,"Rat Islands, Aleutian Islands, Alaska",9/9/2020,8:41 PM
us6000bzjl,us,35,2.6,2.51E+14,"Andreanof Islands, Aleutian Islands, Alaska",9/9/2020,9:29 PM
us6000bzjp,us,56.75,4,6.31E+15,"127 km NE of Thang, India",9/22/2020,3:46 AM
us6000bzkj,us,10.61,4.3,1.26E+16,"114 km W of Illapel, Chile",9/22/2020,6:40 AM
us6000bzkm,us,5,2.7,3.16E+14,"49 km NW of Toyah, Texas",9/22/2020,6:50 AM
us6000bzkx,us,35,4.1,7.94E+15,south of the Kermadec Islands,9/16/2020,12:26 AM
us6000bzky,us,27.66,4.6,2.51E+16,"185 km SW of Nadi, Fiji",9/16/2020,1:14 AM
us6000bzkz,us,10,4.6,2.51E+16,Mid-Indian Ridge,9/16/2020,2:36 AM
us6000bzl0,us,10,4.6,2.51E+16,Mid-Indian Ridge,9/16/2020,2:34 AM
us6000bzl5,us,10,4.4,1.58E+16,"140 km NE of Gisborne, New Zealand",9/16/2020,5:55 AM
us6000bzl6,us,10,4.3,1.26E+16,"137 km S of FukuechÅ, Japan",9/16/2020,12:58 AM
us6000bzlh,us,10,4.7,3.16E+16,southeast Indian Ridge,9/16/2020,6:00 PM
us6000bzli,us,105.79,4.1,7.94E+15,"91 km SSE of Gorontalo, Indonesia",9/16/2020,6:24 PM
us6000bzlj,us,81.55,4.4,1.58E+16,"46 km SW of Kirakira, Solomon Islands",9/16/2020,7:44 PM
us6000bzln,us,10,4,6.31E+15,"123 km NNE of Hihifo, Tonga",9/16/2020,10:04 PM
us6000bzlp,us,37.59,4.3,1.26E+16,"102 km ESE of Shizunai-furukawachÅ, Japan",9/16/2020,10:41 PM
us6000bzlq,us,534.47,4,6.31E+15,"59 km SSW of Palimbang, Philippines",9/16/2020,10:56 PM
us6000bzmi,us,10,4.9,5.01E+16,South Shetland Islands,9/22/2020,8:25 AM
us6000bzmn,us,129.17,4.8,3.98E+16,"85 km NNE of Calama, Chile",9/22/2020,11:53 AM
us6000bzns,us,13.96,2.4,1.58E+14,"26 km NW of Stanley, Idaho",9/22/2020,3:53 PM
us6000bznw,us,230.42,4,6.31E+15,"73 km ENE of Norsup, Vanuatu",9/17/2020,12:39 AM
us6000bzp3,us,10,4.6,2.51E+16,"223 km SE of Fais, Micronesia",9/17/2020,5:22 AM
us6000bzpb,us,49.55,4.5,2.00E+16,"15 km NNW of Karligan, Philippines",9/17/2020,9:38 AM
us6000bzqj,us,15.08,3.6,2.51E+15,"15 km E of Wright, Wyoming",9/22/2020,6:13 PM
us6000bzr8,us,47.2,3.6,2.51E+15,"Unimak Island region, Alaska",9/22/2020,5:15 AM
us6000bzrh,us,118.1,4,6.31E+15,"64 km NNE of Calama, Chile",9/22/2020,7:30 PM
us6000bzrr,us,10,4.2,1.00E+16,"91 km WNW of Bandar Abbas, Iran",9/22/2020,7:43 PM
us6000bzs3,us,35,3.3,1.26E+15,"86 km SE of Atka, Alaska",9/22/2020,1:47 PM
us6000bzsb,us,30.61,4.7,3.16E+16,"47 km WSW of Ovalle, Chile",9/22/2020,8:13 PM
us6000bzt0,us,10,3.1,7.94E+14,"3 km W of Wingrave, United Kingdom",9/22/2020,8:32 AM
us6000bzub,us,10,4.4,1.58E+16,"1 km WSW of Srinagar, India",9/22/2020,4:10 PM
us6000bzv0,us,10,3.3,1.26E+15,"278 km WNW of Bandon, Oregon",9/22/2020,10:00 PM
us6000bzvq,us,74.88,4.8,3.98E+16,"28 km SSW of OcÃ³s, Guatemala",9/22/2020,10:56 PM
us6000bzvs,us,573.2,4.4,1.58E+16,"193 km NE of Maumere, Indonesia",9/22/2020,10:57 PM
us6000bzw1,us,10,4.1,7.94E+15,off the coast of Washington,9/22/2020,11:25 PM
us6000bzwb,us,10,5.2,1.00E+17,South Shetland Islands,9/22/2020,11:44 PM
us6000bzwl,us,10,5.2,1.00E+17,South Shetland Islands,9/22/2020,11:53 PM
us6000bzy6,us,25.31,4.3,1.26E+16,"72 km S of Hualien City, Taiwan",9/23/2020,4:00 AM
us6000bzy7,us,114.62,4,6.31E+15,"36 km NW of San Pedro de Atacama, Chile",9/23/2020,3:59 AM
us6000bzyu,us,5,2.5,2.00E+14,"15 km NW of Midland, Texas",9/23/2020,6:04 AM
us6000bzzn,us,5.78,2.6,2.51E+14,"33 km SE of Mina, Nevada",9/23/2020,8:23 AM
us6000c01d,us,584.47,4.3,1.26E+16,Fiji region,9/23/2020,1:48 PM
us6000c01v,us,540.46,4.3,1.26E+16,south of the Fiji Islands,9/23/2020,2:23 PM
us6000c03m,us,35,2.6,2.51E+14,"100 km SSW of False Pass, Alaska",9/23/2020,9:03 AM
us6000c03p,us,606.94,4.3,1.26E+16,"286 km ESE of Levuka, Fiji",9/18/2020,1:09 AM
us6000c03r,us,375.71,4.2,1.00E+16,"266 km S of Alo, Wallis and Futuna",9/18/2020,4:10 AM
us6000c03u,us,51.98,4.7,3.16E+16,"137 km ESE of Kimbe, Papua New Guinea",9/18/2020,3:50 AM
us6000c03v,us,10,4.6,2.51E+16,northern Mid-Atlantic Ridge,9/18/2020,7:03 AM
us6000c03w,us,63.62,4.6,2.51E+16,"95 km ENE of Shikotan, Russia",9/18/2020,7:47 AM
us6000c03z,us,280.86,4.2,1.00E+16,"205 km N of Sola, Vanuatu",9/18/2020,6:17 AM
us6000c04c,us,10,4.5,2.00E+16,"63 km NE of Kuqa, China",9/18/2020,9:03 PM
us6000c04f,us,10,4.9,5.01E+16,South Shetland Islands,9/18/2020,11:34 PM
us6000c04g,us,10,4.8,3.98E+16,South Shetland Islands,9/18/2020,10:32 PM
us6000c05e,us,25.08,2.9,5.01E+14,"232 km SE of Chiniak, Alaska",9/13/2020,11:05 AM
us6000c05v,us,74.11,2.9,5.01E+14,"70 km SSE of Atka, Alaska",9/13/2020,10:19 PM
us6000c05x,us,10,3,6.31E+14,"229 km S of Unalaska, Alaska",9/13/2020,10:59 PM
us6000c06q,us,128.15,4.3,1.26E+16,"Kepulauan Babar, Indonesia",9/23/2020,6:28 PM
us6000c07q,us,5,2.2,1.00E+14,"6 km WNW of Hardtner, Kansas",9/23/2020,7:20 PM
us6000c09c,us,35,4.6,2.51E+16,"68 km SSW of Acajutla, El Salvador",9/23/2020,8:42 PM
us6000c0b1,us,56.49,4.7,3.16E+16,"148 km WNW of Tobelo, Indonesia",9/23/2020,10:07 PM
us6000c0bb,us,10,4.7,3.16E+16,"80 km E of Cortes, Philippines",9/23/2020,10:19 PM
us6000c0bs,us,35.15,4.2,1.00E+16,"49 km NW of Taltal, Chile",9/23/2020,11:09 PM
us6000c0c0,us,5.18,2.3,1.26E+14,"31 km SSE of Virginia City, Montana",9/23/2020,11:25 PM
us6000c0c1,us,22.44,4.4,1.58E+16,"5 km NE of LushnjÃ«, Albania",9/23/2020,11:25 PM
us6000c0cj,us,174.34,4.3,1.26E+16,"36 km SSE of Jurm, Afghanistan",9/24/2020,12:16 AM
us6000c0cs,us,10,5.7,3.16E+17,central Mid-Atlantic Ridge,9/24/2020,12:27 AM
us6000c0d6,us,10,4.4,1.58E+16,"27 km S of Aksaray, Turkey",9/24/2020,1:01 AM
us6000c0de,us,10,4.8,3.98E+16,central Mid-Atlantic Ridge,9/24/2020,1:01 AM
us6000c0dh,us,100.92,4.6,2.51E+16,"180 km SW of Haveluloto, Tonga",9/24/2020,1:30 AM
us6000c0dp,us,14.55,5.2,1.00E+17,"63 km ENE of Cortes, Philippines",9/24/2020,2:25 AM
us6000c0dy,us,195.29,4.2,1.00E+16,off the east coast of the North Island of New Zealand,9/24/2020,3:04 AM
us6000c0ec,us,81.57,4.4,1.58E+16,"30 km S of La LÃ­nea, Mexico",9/24/2020,3:55 AM
us6000c0en,us,10,4.5,2.00E+16,Greenland Sea,9/24/2020,4:44 AM
us6000c0er,us,10,4.6,2.51E+16,"19 km W of LefkÃ¡da, Greece",9/24/2020,5:10 AM
us6000c0gd,us,10,4.5,2.00E+16,"33 km ENE of Ambon, Indonesia",9/24/2020,9:35 AM
us6000c0h1,us,6.95,2.6,2.51E+14,"10 km ESE of Lincoln, Montana",9/24/2020,12:00 PM
us6000c0hf,us,10,4.5,2.00E+16,"24 km WSW of KÄzerÅ«n, Iran",9/24/2020,1:15 PM
us6000c0hi,us,10,4.2,1.00E+16,"143 km NNE of Neiafu, Tonga",9/19/2020,3:46 AM
us6000c0hj,us,32.74,4.4,1.58E+16,"12 km SW of Bireun, Indonesia",9/19/2020,4:50 AM
us6000c0hl,us,10.99,4.4,1.58E+16,"84 km NNW of Port-Vila, Vanuatu",9/19/2020,5:02 AM
us6000c0hr,us,50.17,4.3,1.26E+16,"141 km W of Lata, Solomon Islands",9/19/2020,7:34 AM
us6000c0i1,us,67.3,4.4,1.58E+16,"36 km SW of Puerto El Triunfo, El Salvador",9/19/2020,1:32 PM
us6000c0i8,us,10,4.2,1.00E+16,Galapagos Triple Junction region,9/19/2020,3:55 PM
us6000c0ig,us,10,4.6,2.51E+16,central Mid-Atlantic Ridge,9/19/2020,8:58 PM
us6000c0ih,us,10,4.4,1.58E+16,"4 km SW of Mabiton, Philippines",9/19/2020,9:48 PM
us6000c0ii,us,10,4.6,2.51E+16,Balleny Islands region,9/19/2020,10:10 PM
us6000c0ij,us,41.27,4.3,1.26E+16,"195 km SE of Sarangani, Philippines",9/19/2020,7:24 PM
us6000c0il,us,67.67,4.3,1.26E+16,"97 km ESE of Pondaguitan, Philippines",9/19/2020,11:05 PM
us6000c0is,us,68.5,4,6.31E+15,"34 km NNW of Pante Makasar, Timor Leste",9/19/2020,11:38 PM
us6000c0iv,us,10,4.3,1.26E+16,"21 km SSE of Marmara EreÄŸlisi, Turkey",9/24/2020,1:38 PM
us6000c0jq,us,356.54,4,6.31E+15,"36 km NNW of Obama, Japan",9/24/2020,2:28 PM
us6000c0k0,us,27.06,4.2,1.00E+16,"107 km SE of Sand Point, Alaska",9/24/2020,3:09 PM
us6000c0lh,us,39.42,4.5,2.00E+16,"9 km E of OsmeÃ±a, Philippines",9/20/2020,3:50 AM
us6000c0li,us,407.09,4,6.31E+15,"89 km SSW of Alo, Wallis and Futuna",9/20/2020,3:58 AM
us6000c0lj,us,16.23,4.3,1.26E+16,"79 km ESE of Hihifo, Tonga",9/20/2020,4:27 AM
us6000c0lk,us,10,4.5,2.00E+16,Fiji region,9/20/2020,4:53 AM
us6000c0lz,us,10,4.6,2.51E+16,Mid-Indian Ridge,9/20/2020,9:38 AM
us6000c0m3,us,10,4.2,1.00E+16,"Galapagos Islands, Ecuador region",9/20/2020,1:11 PM
us6000c0m5,us,10,4.5,2.00E+16,central East Pacific Rise,9/20/2020,9:20 AM
us6000c0m9,us,110.9,4.5,2.00E+16,"94 km NW of Nukuâ€˜alofa, Tonga",9/20/2020,3:21 PM
us6000c0ma,us,116.6,4.1,7.94E+15,"Pulau Pulau Tanimbar, Indonesia",9/20/2020,3:12 PM
us6000c0mg,us,271.23,4,6.31E+15,"81 km NW of Manado, Indonesia",9/20/2020,3:57 PM
us6000c0mj,us,44.39,4.4,1.58E+16,"110 km E of Kokopo, Papua New Guinea",9/20/2020,11:09 PM
us6000c0mm,us,10,4.5,2.00E+16,central Mid-Atlantic Ridge,9/20/2020,7:56 PM
us6000c0mx,us,10,4,6.31E+15,south of the Aleutian Islands,9/24/2020,8:11 AM
us6000c0ne,us,5,2.6,2.51E+14,"51 km W of Mentone, Texas",9/24/2020,5:10 PM
us6000c0p6,us,517.89,4.5,2.00E+16,"156 km N of LikisÃ¡, Timor Leste",9/24/2020,5:42 PM
us6000c0pb,us,10,3,6.31E+14,"223 km SE of Chiniak, Alaska",9/11/2020,1:48 AM
us6000c0pi,us,145.61,3,6.31E+14,"Rat Islands, Aleutian Islands, Alaska",9/11/2020,4:48 AM
us6000c0pj,us,1.4,2.8,3.98E+14,"115 km SSW of Sand Point, Alaska",9/11/2020,5:16 AM
us6000c0pk,us,35,2.7,3.16E+14,"77 km S of Perryville, Alaska",9/11/2020,5:35 AM
us6000c0q5,us,25.68,2.7,3.16E+14,"87 km SE of Adak, Alaska",9/11/2020,11:37 PM
us6000c0q6,us,25.57,2.7,3.16E+14,"68 km SE of Sand Point, Alaska",9/11/2020,11:43 PM
us6000c0r2,us,5.87,4.3,1.26E+16,"22 km NE of EloÃºnda, Greece",9/24/2020,6:52 PM
us6000c0rq,us,10,4.5,2.00E+16,"6 km N of LushnjÃ«, Albania",9/24/2020,7:21 PM
us6000c0rt,us,59.32,4.5,2.00E+16,"Rat Islands, Aleutian Islands, Alaska",9/24/2020,7:23 PM
us6000c0v5,us,10,4.1,7.94E+15,"11 km ESE of SchÃ­sma EloÃºndas, Greece",9/24/2020,9:22 PM
us6000c0wa,us,5,2.9,5.01E+14,"55 km S of Whites City, New Mexico",9/24/2020,10:19 PM
us6000c0ww,us,10,5.3,1.26E+17,"58 km ENE of MulegÃ©, Mexico",9/24/2020,11:01 PM
us6000c0x4,us,5,3.4,1.58E+15,"58 km S of Whites City, New Mexico",9/24/2020,11:14 PM
us6000c0xh,us,10,4.6,2.51E+16,"70 km ENE of MulegÃ©, Mexico",9/24/2020,11:06 PM
us6000c0y9,us,76.61,2.9,5.01E+14,"29 km SW of Unalaska, Alaska",9/12/2020,3:06 AM
us6000c0ya,us,32.24,2.7,3.16E+14,"66 km SE of Adak, Alaska",9/12/2020,7:30 AM
us6000c0yc,us,144.29,3,6.31E+14,"Rat Islands, Aleutian Islands, Alaska",9/12/2020,6:42 AM
us6000c0yg,us,10,2.6,2.51E+14,Idaho-Montana border region,9/25/2020,12:29 AM
us6000c0yj,us,21,2.5,2.00E+14,"99 km SE of King Cove, Alaska",9/12/2020,7:17 PM
us6000c0yr,us,56.91,2.6,2.51E+14,"51 km SW of Adak, Alaska",9/8/2020,3:22 AM
us6000c0yx,us,30.81,2.6,2.51E+14,"277 km WSW of Adak, Alaska",9/8/2020,6:09 PM
us6000c0yz,us,10,2.8,3.98E+14,"101 km SE of King Cove, Alaska",9/8/2020,7:02 PM
us6000c0z3,us,334.21,4,6.31E+15,south of the Kermadec Islands,9/25/2020,1:25 AM
us6000c0zc,us,184.05,4.8,3.98E+16,"50 km NNW of Asan-Maina Village, Guam",9/25/2020,2:09 AM
us6000c0zl,us,82.86,3.3,1.26E+15,"20 km SE of Iquique, Chile",9/25/2020,12:53 AM
us6000c0zv,us,35,5.1,7.94E+16,South Sandwich Islands region,9/25/2020,3:54 AM
us6000c110,us,35,4.2,1.00E+16,"79 km SW of Aykol, China",9/25/2020,6:26 AM
us6000c119,us,5,2.9,5.01E+14,"56 km S of Whites City, New Mexico",9/25/2020,7:46 AM
us6000c12d,us,57.17,4.5,2.00E+16,"25 km ENE of Kinablangan, Philippines",9/25/2020,8:46 AM
us6000c13w,us,10,5.3,1.26E+17,"56 km E of Leh, India",9/25/2020,10:57 AM
us6000c14d,us,10,4.5,2.00E+16,"145 km S of Kokopo, Papua New Guinea",9/21/2020,1:39 AM
us6000c14e,us,10,4.6,2.51E+16,"61 km ENE of La Paz, Philippines",9/21/2020,4:28 AM
us6000c14l,us,10,4.4,1.58E+16,central East Pacific Rise,9/21/2020,1:19 PM
us6000c14n,us,112.82,4.5,2.00E+16,"60 km NE of Yigo Village, Guam",9/21/2020,3:23 PM
us6000c14p,us,38.48,4.2,1.00E+16,"101 km SSE of IerÃ¡petra, Greece",9/21/2020,3:15 PM
us6000c14v,us,10,4.2,1.00E+16,"194 km SSW of Belaya Gora, Russia",9/21/2020,8:12 PM
us6000c14w,us,10,4.4,1.58E+16,South Shetland Islands,9/21/2020,8:48 PM
us6000c14z,us,10,4.5,2.00E+16,South Shetland Islands,9/21/2020,11:42 PM
us6000c15s,us,116.29,4.5,2.00E+16,"72 km NNW of Alianza Cristiana, Peru",9/25/2020,2:19 PM
us6000c17c,us,10,4.5,2.00E+16,"93 km SW of Merizo Village, Guam",9/22/2020,12:26 AM
us6000c17f,us,10,4.9,5.01E+16,"94 km SW of Merizo Village, Guam",9/22/2020,12:21 AM
us6000c182,us,530.81,4.3,1.26E+16,"201 km E of Levuka, Fiji",9/22/2020,1:27 PM
us6000c183,us,10,4.4,1.58E+16,"68 km ENE of La Paz, Philippines",9/22/2020,2:51 PM
us6000c18c,us,5.17,4.4,1.58E+16,South Shetland Islands,9/22/2020,2:27 PM
us6000c18g,us,10,4.1,7.94E+15,"52 km ENE of Bacolod, Philippines",9/22/2020,9:27 PM
us6000c18i,us,10,4.3,1.26E+16,west of Macquarie Island,9/22/2020,9:45 PM
us6000c18k,us,10,4.6,2.51E+16,"132 km ENE of Aras-asan, Philippines",9/22/2020,10:52 PM
us6000c18r,us,5,2.9,5.01E+14,"57 km S of Whites City, New Mexico",9/25/2020,4:09 PM
us6000c18w,us,5,3,6.31E+14,"57 km S of Whites City, New Mexico",9/25/2020,4:10 PM
us6000c1a3,us,118.83,5.1,7.94E+16,"181 km SSE of Shimoda, Japan",9/25/2020,4:46 PM
us6000c1ca,us,45.44,2.6,2.51E+14,Mona Passage,9/25/2020,6:33 PM
us6000c1cr,us,107.75,4.6,2.51E+16,"80 km WNW of Tobelo, Indonesia",9/25/2020,7:28 PM
us6000c1ds,us,36.03,4.6,2.51E+16,"234 km S of Sumbawa Besar, Indonesia",9/25/2020,8:24 PM
us6000c1e1,us,39.18,4.5,2.00E+16,"58 km SE of Xunchang, China",9/25/2020,8:34 PM
us6000c1e3,us,163.07,4.5,2.00E+16,Banda Sea,9/25/2020,8:40 PM
us6000c1f3,us,122.82,3,6.31E+14,"260 km W of Adak, Alaska",9/15/2020,1:29 AM
us6000c1f5,us,79.64,2.8,3.98E+14,"51 km E of Adak, Alaska",9/15/2020,2:34 AM
us6000c1f6,us,35,3,6.31E+14,"65 km SSE of Sand Point, Alaska",9/15/2020,3:29 AM
us6000c1f7,us,176.7,2.7,3.16E+14,"109 km W of Adak, Alaska",9/15/2020,4:11 AM
us6000c1f8,us,35.62,3,6.31E+14,"209 km SW of Nikolski, Alaska",9/15/2020,3:13 AM
us6000c1fa,us,220.4,2.6,2.51E+14,"37 km NW of Atka, Alaska",9/15/2020,4:45 AM
us6000c1fl,us,188.96,2.9,5.01E+14,"259 km W of Adak, Alaska",9/15/2020,11:12 PM
us6000c1fr,us,10,4.5,2.00E+16,east of the Kuril Islands,9/25/2020,9:41 PM
us6000c1fz,us,10,3.3,1.26E+15,"218 km W of Bandon, Oregon",9/25/2020,4:26 AM
us6000c1gi,us,22.41,3,6.31E+14,"67 km SSE of Adak, Alaska",9/16/2020,12:58 AM
us6000c1gs,us,10,2.7,3.16E+14,"176 km SSE of Atka, Alaska",9/16/2020,6:03 PM
us6000c1hi,us,241.98,4.7,3.16E+16,"89 km N of Isangel, Vanuatu",9/26/2020,3:22 AM
us6000c1hq,us,108.52,4.5,2.00E+16,"52 km E of NahrÄ«n, Afghanistan",9/26/2020,4:04 AM
us6000c1i2,us,10,4,6.31E+15,"60 km E of Leh, India",9/25/2020,6:14 PM
us6000c1i5,us,135.78,4.8,3.98E+16,"Pagan region, Northern Mariana Islands",9/26/2020,4:35 AM
us6000c1ix,us,10,5.2,1.00E+17,"87 km SSW of Serdar, Turkmenistan",9/26/2020,5:46 AM
us6000c1j8,us,15.87,4.7,3.16E+16,"81 km SSE of Yonakuni, Japan",9/26/2020,6:23 AM
us6000c1ja,us,51.4,4.6,2.51E+16,southwestern Kashmir,9/26/2020,6:32 AM
us6000c1jj,us,10,4.8,3.98E+16,"13 km NE of Balkanabat, Turkmenistan",9/26/2020,7:00 AM
us6000c1kq,us,10,2.9,5.01E+14,"27 km NW of Stanley, Idaho",9/26/2020,10:32 AM
us6000c1lt,us,133.04,4.2,1.00E+16,"17 km W of Dompu, Indonesia",9/26/2020,12:58 PM
us6000c1mq,us,89.74,4.5,2.00E+16,"17 km W of Hachinohe, Japan",9/26/2020,3:36 PM
us6000c1np,us,10,6.1,7.94E+17,south of Africa,9/26/2020,5:10 PM
us6000c1py,us,10,4.5,2.00E+16,"26 km SSE of Karyes, Greece",9/26/2020,6:39 PM
us6000c1qf,us,1.19,2.5,2.00E+14,"17 km SE of Ackerly, Texas",9/26/2020,8:39 PM
us6000c1rq,us,10.76,5.3,1.26E+17,"31 km SSE of Karyes, Greece",9/26/2020,10:50 PM
us6000c1s6,us,10,4.3,1.26E+16,"29 km SSE of Karyes, Greece",9/26/2020,11:09 PM
us6000c1sm,us,10,4.9,5.01E+16,"102 km ESE of Honiara, Solomon Islands",9/26/2020,11:53 PM
us6000c1st,us,8.22,4.7,3.16E+16,"117 km WNW of HÃ¶fn, Iceland",9/27/2020,12:06 AM
us6000c1t8,us,10,2.5,2.00E+14,"78 km N of White Mountain, Alaska",9/27/2020,2:16 AM
us6000c1te,us,38.25,4.7,3.16E+16,"30 km E of Santa Rosa, Peru",9/27/2020,2:50 AM
us6000c1tg,us,35.79,4.7,3.16E+16,"59 km ENE of Eltham, New Zealand",9/27/2020,3:47 AM
us6000c1th,us,10,3.9,5.01E+15,"91 km SSW of Sand Point, Alaska",9/27/2020,4:08 AM
us6000c1tj,us,13.77,5.6,2.51E+17,"127 km SSW of Nikolski, Alaska",9/27/2020,4:12 AM
us6000c1tl,us,45.41,5.2,1.00E+17,"27 km NE of Shinshiro, Japan",9/27/2020,4:13 AM
us6000c1tn,us,10,2.9,5.01E+14,"16 km SE of Atlantis, South Africa",9/26/2020,6:41 PM
us6000c1uh,us,10,3.5,2.00E+15,"1 km N of La Parguera, Puerto Rico",9/27/2020,4:29 AM
us6000c1um,us,10,2.7,3.16E+14,"9 km SW of Sawmill, Arizona",9/27/2020,5:38 AM
us6000c1ux,us,23.51,4.4,1.58E+16,"138 km SSW of Nikolski, Alaska",9/27/2020,6:36 AM
us6000c1v0,us,21.4,4.7,3.16E+16,"22 km SW of Hirara, Japan",9/27/2020,6:38 AM
us6000c1v8,us,10,2.7,3.16E+14,"8 km ENE of Kraaifontein, South Africa",9/27/2020,7:12 AM
us6000c1vb,us,44.73,4.5,2.00E+16,"101 km SW of Puerto Madero, Mexico",9/27/2020,7:23 AM
us6000c1vr,us,39.36,4.2,1.00E+16,"113 km SW of Nikolski, Alaska",9/27/2020,8:17 AM
us6000c1w6,us,106.31,5.3,1.26E+17,"5 km E of Masagua, Guatemala",9/27/2020,9:40 AM
us6000c1wi,us,10,4.6,2.51E+16,Greenland Sea,9/27/2020,10:02 AM
us6000c1wn,us,10.59,4.6,2.51E+16,"134 km SSW of Nikolski, Alaska",9/27/2020,10:51 AM
us6000c1xc,us,10,4.7,3.16E+16,"31 km SSE of Karyes, Greece",9/27/2020,12:22 PM
us6000c1xq,us,10,4.7,3.16E+16,"29 km SSE of Karyes, Greece",9/27/2020,12:58 PM
us6000c1xv,us,10,4.1,7.94E+15,"39 km SSE of Karyes, Greece",9/27/2020,1:16 PM
us6000c1yd,us,12.26,4.5,2.00E+16,"29 km SSE of Karyes, Greece",9/27/2020,4:05 PM
us6000c1ye,us,205.13,4.2,1.00E+16,"277 km SSE of Amahai, Indonesia",9/27/2020,4:10 PM
us6000c1yl,us,10,3.2,1.00E+15,"132 km W of Port Orford, Oregon",9/27/2020,5:25 PM
us6000c1yn,us,10,4.9,5.01E+16,"52 km E of Leh, India",9/27/2020,5:27 PM
us6000c1ys,us,10,4.6,2.51E+16,"10 km WSW of Bela, Pakistan",9/27/2020,6:17 PM
us6000c1yu,us,591.62,4.4,1.58E+16,"235 km E of Levuka, Fiji",9/27/2020,6:21 PM
us6000c1yz,us,589.25,4.5,2.00E+16,south of the Fiji Islands,9/27/2020,6:38 PM
us6000c1zd,us,105.55,4.9,5.01E+16,"60 km SW of AshkÄsham, Afghanistan",9/27/2020,7:54 PM
us6000c209,us,10,4.3,1.26E+16,"49 km ESE of Bushehr, Iran",9/27/2020,11:23 PM
us6000c20a,us,12.97,1.6,2.51E+13,"22 km NNW of Montmagny, Canada",9/25/2020,5:36 AM
us6000c20g,us,10,4.8,3.98E+16,"111 km W of Port-Vila, Vanuatu",9/28/2020,12:53 AM
us6000c20m,us,10,1.6,2.51E+13,"91 km SSE of Monhegan, Maine",9/27/2020,1:24 AM
us6000c20q,us,10,5.2,1.00E+17,"119 km SSW of Nikolski, Alaska",9/28/2020,2:44 AM
us6000c216,us,10,4.8,3.98E+16,"south of Sumbawa, Indonesia",9/28/2020,3:44 AM
us6000c21a,us,5,2.5,2.00E+14,"59 km S of Whites City, New Mexico",9/28/2020,3:57 AM
us6000c21i,us,11.37,4.8,3.98E+16,"30 km SSE of Karyes, Greece",9/28/2020,4:12 AM
us6000c222,us,41.97,4.6,2.51E+16,"10 km SSE of KishtwÄr, India",9/28/2020,5:12 AM
us6000c23q,us,10,5.1,7.94E+16,South Sandwich Islands region,9/28/2020,8:46 AM
us6000c24s,us,10,4.9,5.01E+16,"282 km NNE of Santa Cruz das Flores, Portugal",9/28/2020,12:30 PM
us6000c24x,us,10,4.9,5.01E+16,Azores Islands region,9/28/2020,12:26 PM
us6000c251,us,10,4.9,5.01E+16,"263 km NE of Santa Cruz das Flores, Portugal",9/28/2020,1:21 PM
us6000c253,us,4.39,1.3,1.26E+13,"19 km NE of Hoehne, Colorado",9/27/2020,12:37 AM
us6000c25b,us,35,4.1,7.94E+15,"71 km N of La Serena, Chile",9/28/2020,2:26 PM
us6000c266,us,96.01,4.7,3.16E+16,"99 km NW of Pariaman, Indonesia",9/28/2020,4:26 PM
us6000c269,us,18.23,4.8,3.98E+16,"40 km W of ValparaÃ­so, Chile",9/28/2020,4:49 PM
us6000c26v,us,13.37,2.4,1.58E+14,"15 km SW of Stanley, Idaho",9/28/2020,4:31 PM
us6000c275,us,56.05,4.3,1.26E+16,"61 km W of Pangkalan Brandan, Indonesia",9/28/2020,6:16 PM
us6000c27v,us,190.74,4.4,1.58E+16,Banda Sea,9/28/2020,7:07 PM
us6000c2ae,us,25.34,5.1,7.94E+16,"60 km NE of Hengchun, Taiwan",9/28/2020,8:50 PM
us6000c2bg,us,128.8,4.3,1.26E+16,"159 km NW of Panguna, Papua New Guinea",9/28/2020,8:13 PM
us6000c2ch,us,10,4.5,2.00E+16,"7 km NNW of San JosÃ© del Progreso, Mexico",9/28/2020,11:27 PM
us6000c2cm,us,10,5,6.31E+16,south of the Kermadec Islands,9/29/2020,12:17 AM
us6000c2cv,us,10,5.1,7.94E+16,"107 km E of Yigo Village, Guam",9/29/2020,1:03 AM
us6000c2d0,us,10,4.3,1.26E+16,"117 km SSW of Nikolski, Alaska",9/29/2020,1:15 AM
us6000c2d2,us,14.59,4.9,5.01E+16,"61 km NE of Hengchun, Taiwan",9/29/2020,1:14 AM
us6000c2dg,us,10,4.3,1.26E+16,"23 km NW of Dogonbadan, Iran",9/29/2020,2:03 AM
us6000c2du,us,10,4.7,3.16E+16,Greenland Sea,9/29/2020,3:10 AM
us6000c2ea,us,10,4.9,5.01E+16,"48 km W of SemÄ«rom, Iran",9/29/2020,4:08 AM
us6000c2ew,us,82.36,4.9,5.01E+16,"Volcano Islands, Japan region",9/29/2020,4:38 AM
us6000c2fa,us,22.94,2.6,2.51E+14,"94 km SSW of Sand Point, Alaska",9/17/2020,6:46 PM
us6000c2fd,us,7.49,2.7,3.16E+14,"36 km NNW of Stanley, Idaho",9/29/2020,5:38 AM
us6000c2fe,us,10,3.1,7.94E+14,"67 km NNE of Juneau, Alaska",9/29/2020,5:45 AM
us6000c2fy,us,35,4.5,2.00E+16,"106 km SSW of Puerto El Triunfo, El Salvador",9/29/2020,6:44 AM
us6000c2gj,us,485.86,4.5,2.00E+16,south of the Fiji Islands,9/29/2020,8:34 AM
us6000c2gn,us,11.94,2.4,1.58E+14,"24 km SSW of Centennial Park, Arizona",9/29/2020,8:55 AM
us6000c2hf,us,10,4.4,1.58E+16,"71 km WSW of Pangkalan Brandan, Indonesia",9/29/2020,10:48 AM
us6000c2hl,us,35,4.2,1.00E+16,"3 km NW of Charikar, Afghanistan",9/29/2020,11:17 AM
us6000c2id,us,10,4.9,5.01E+16,South Shetland Islands,9/29/2020,11:34 AM
us6000c2il,us,10,4.5,2.00E+16,"39 km S of Wickham, Australia",9/29/2020,12:11 PM
us6000c2j2,us,123.14,4,6.31E+15,"27 km NNW of Atka, Alaska",9/23/2020,1:17 AM
us6000c2j3,us,10,4.3,1.26E+16,"126 km ENE of Hasaki, Japan",9/23/2020,2:07 AM
us6000c2j5,us,10,4.5,2.00E+16,"68 km ENE of Bacolod, Philippines",9/23/2020,12:09 AM
us6000c2jl,us,10,4.5,2.00E+16,"299 km SSW of Merizo Village, Guam",9/23/2020,4:05 PM
us6000c2jn,us,35,4.2,1.00E+16,"Izu Islands, Japan region",9/23/2020,5:18 PM
us6000c2jr,us,525.84,4.1,7.94E+15,"268 km WNW of Haveluloto, Tonga",9/23/2020,6:55 PM
us6000c2jv,us,58.41,4,6.31E+15,"206 km SSE of Sarangani, Philippines",9/23/2020,8:59 PM
us6000c2jw,us,10,4.4,1.58E+16,South Shetland Islands,9/23/2020,4:16 PM
us6000c2jy,us,15.12,4.5,2.00E+16,"Mindanao, Philippines",9/23/2020,11:32 PM
us6000c2lq,us,85.25,4.5,2.00E+16,"8 km WNW of Buin, Chile",9/29/2020,2:24 PM
us6000c2mg,us,5,1.3,1.26E+13,"8 km ESE of Aguilar, Colorado",9/28/2020,6:01 AM
us6000c2mr,us,5,1.2,1.00E+13,"22 km N of Blanca, Colorado",9/28/2020,7:55 AM
us6000c2ms,us,10,2.6,2.51E+14,"37 km NNW of Stanley, Idaho",9/29/2020,5:40 AM
us6000c2pe,us,153.72,2.6,2.51E+14,"Rat Islands, Aleutian Islands, Alaska",9/18/2020,2:44 AM
us6000c2pj,us,25.66,3.2,1.00E+15,"58 km S of Sand Point, Alaska",9/18/2020,8:54 AM
us6000c2pv,us,218.89,3.4,1.58E+15,"157 km W of Nikolski, Alaska",9/18/2020,11:20 PM
us6000c2rr,us,10,4.9,5.01E+16,"125 km SSW of Komodo, Indonesia",9/29/2020,5:55 PM
us6000c2tc,us,10,5.1,7.94E+16,"93 km NNW of Hihifo, Tonga",9/29/2020,7:01 PM
us6000c2xu,us,25.25,4.4,1.58E+16,"74 km ESE of Puerto GaitÃ¡n, Colombia",9/29/2020,10:05 PM
us6000c2yl,us,19.95,3.2,1.00E+15,"96 km SSW of Sand Point, Alaska",9/14/2020,1:18 AM
us6000c2yn,us,28.72,3,6.31E+14,"146 km SW of Adak, Alaska",9/14/2020,4:06 AM
us6000c2yw,us,35,2.6,2.51E+14,"74 km SW of Nikolski, Alaska",9/14/2020,7:29 PM
us6000c2yy,us,34.74,2.9,5.01E+14,"89 km ESE of Sand Point, Alaska",9/14/2020,7:39 PM
us6000c2yz,us,53.24,2.9,5.01E+14,"Rat Islands, Aleutian Islands, Alaska",9/14/2020,9:44 PM
us6000c2z0,us,30.5,3,6.31E+14,"106 km SE of King Cove, Alaska",9/14/2020,9:29 PM
us6000c2z1,us,10,2.9,5.01E+14,"42 km ESE of Atka, Alaska",9/14/2020,10:05 PM
us6000c2z2,us,10,4.7,3.16E+16,"93 km SE of Basco, Philippines",9/30/2020,12:49 AM
us6000c2z5,us,10.32,4.3,1.26E+16,"19 km SSW of Å»urrieq, Malta",9/30/2020,1:01 AM
us6000c2zc,us,10,4.6,2.51E+16,"103 km W of Waingapu, Indonesia",9/30/2020,1:16 AM
us6000c2zr,us,5,2.3,1.26E+14,"12 km NNW of Midland, Texas",9/30/2020,2:34 AM
us6000c30f,us,103.89,5,6.31E+16,"34 km ENE of Yilan, Taiwan",9/30/2020,4:37 AM
us6000c30k,us,484.63,4.6,2.51E+16,"158 km N of LikisÃ¡, Timor Leste",9/30/2020,5:23 AM
us6000c32r,us,580.61,4.4,1.58E+16,Fiji region,9/30/2020,8:50 AM
us6000c34x,us,106,4.5,2.00E+16,"115 km NE of Iquique, Chile",9/30/2020,1:29 PM
us6000c356,us,42.07,4.8,3.98E+16,"48 km SE of ÅŒfunato, Japan",9/30/2020,1:58 PM
us6000c35p,us,210.84,4.2,1.00E+16,"39 km ESE of FarkhÄr, Afghanistan",9/24/2020,12:03 AM
us6000c35q,us,399.56,4.1,7.94E+15,"107 km SSE of Alo, Wallis and Futuna",9/24/2020,12:08 AM
us6000c363,us,10,4.5,2.00E+16,"209 km SSW of â€˜Ohonua, Tonga",9/24/2020,9:05 AM
us6000c367,us,218.55,4.1,7.94E+15,"5 km NNW of Bireun, Indonesia",9/24/2020,9:34 AM
us6000c36f,us,10,4.6,2.51E+16,"264 km N of Fais, Micronesia",9/24/2020,9:19 PM
us6000c36g,us,211.73,4.2,1.00E+16,"36 km NW of Santa Domenica, Italy",9/24/2020,10:38 PM
us6000c36j,us,173.94,4.1,7.94E+15,Banda Sea,9/25/2020,12:29 AM
us6000c36n,us,184.49,4.2,1.00E+16,"178 km SW of Haveluloto, Tonga",9/25/2020,1:42 AM
us6000c36r,us,35,4.3,1.26E+16,"New Britain region, Papua New Guinea",9/25/2020,4:31 AM
us6000c37c,us,10,4.7,3.16E+16,central Mid-Atlantic Ridge,9/25/2020,9:23 PM
us6000c39r,us,10,4.8,3.98E+16,South Shetland Islands,9/30/2020,4:58 PM
us6000c3ay,us,59.76,4.4,1.58E+16,"112 km ESE of Meulaboh, Indonesia",9/30/2020,6:44 PM
us6000c3bi,us,8.74,5.4,1.58E+17,"97 km NW of Port-Vila, Vanuatu",9/30/2020,7:35 PM
us6000c3ct,us,25.24,4.4,1.58E+16,"173 km SSE of Sofifi, Indonesia",9/30/2020,8:39 PM
us6000c3dm,us,10,4.6,2.51E+16,"75 km E of Cortes, Philippines",9/30/2020,9:13 PM
us6000c3e1,us,10,4.5,2.00E+16,"30 km ENE of La Paz, Philippines",9/30/2020,9:08 PM
us6000c3e9,us,10,4.5,2.00E+16,"0 km NNW of Huarte-Uharte, Spain",9/30/2020,10:02 PM
us6000c3ec,us,10,5.1,7.94E+16,"75 km ENE of Bacolod, Philippines",9/30/2020,10:10 PM
us6000c3hi,us,10,4.4,1.58E+16,"4 km N of Huarte-Uharte, Spain",10/1/2020,12:21 AM
us6000c3hq,us,59.24,4.5,2.00E+16,"70 km SSW of IntipucÃ¡, El Salvador",10/1/2020,12:24 AM
us6000c3kz,us,28,6.4,1.58E+18,"41 km NE of Pangai, Tonga",10/1/2020,1:13 AM
us6000c3nx,us,253.24,4.1,7.94E+15,"64 km SSW of Uyuni, Bolivia",10/1/2020,4:07 AM
us6000c3q5,us,255.27,4.5,2.00E+16,"73 km WNW of Abra Pampa, Argentina",10/1/2020,5:30 AM
us6000c3rx,us,10,2.6,2.51E+14,"152 km SW of Yakutat, Alaska",9/21/2020,10:57 PM
us6000c3ry,us,10,3,6.31E+14,"111 km SE of Nikolski, Alaska",9/21/2020,9:08 PM
us6000c3rz,us,10,2.8,3.98E+14,"191 km S of Atka, Alaska",9/21/2020,10:34 PM
us6000c3t7,us,45.64,5.3,1.26E+17,"72 km SW of Atka, Alaska",10/1/2020,10:25 AM
us6000c3td,us,109.22,6,6.31E+17,"99 km W of Kandrian, Papua New Guinea",10/1/2020,10:34 AM
us6000c3tv,us,151.86,5.1,7.94E+16,"16 km W of KÃ©falos, Greece",10/1/2020,11:05 AM
us6000c3v4,us,598.82,4.5,2.00E+16,Fiji region,10/1/2020,12:17 PM
us6000c3v5,us,508.23,4.5,2.00E+16,Fiji region,10/1/2020,11:46 AM
us6000c3vb,us,10,4.5,2.00E+16,"58 km S of MoÃ­res, Greece",9/26/2020,1:48 AM
us6000c3vd,us,10,4.3,1.26E+16,west of Macquarie Island,9/26/2020,3:14 AM
us6000c3ve,us,10,4.5,2.00E+16,"63 km NE of SiglufjÃ¶rÃ°ur, Iceland",9/26/2020,2:47 AM
us6000c3vf,us,24.21,4.2,1.00E+16,"7 km WNW of Banawang, Philippines",9/26/2020,3:26 AM
us6000c3vh,us,10,4.2,1.00E+16,"54 km NNW of NorÃ°urÃ¾ing, Iceland",9/26/2020,3:32 AM
us6000c3vi,us,10,4.2,1.00E+16,"59 km NNW of NorÃ°urÃ¾ing, Iceland",9/26/2020,3:33 AM
us6000c3vr,us,10,4.5,2.00E+16,south of Africa,9/26/2020,8:37 AM
us6000c3vs,us,10,4.5,2.00E+16,"82 km E of Kinablangan, Philippines",9/26/2020,9:35 AM
us6000c3vx,us,83.51,4.3,1.26E+16,Kuril Islands,9/26/2020,8:03 AM
us6000c3wd,us,36.97,4,6.31E+15,"292 km WSW of Adak, Alaska",9/26/2020,3:16 AM
us6000c3x6,us,10,2.7,3.16E+14,"25 km NW of Stanley, Idaho",10/1/2020,1:17 AM
us6000c3xp,us,10,4.5,2.00E+16,"189 km SE of Ustâ€™-Kamchatsk Staryy, Russia",10/1/2020,2:57 PM
us6000c405,us,35,3.1,7.94E+14,"115 km SW of Nikolski, Alaska",9/27/2020,4:32 AM
us6000c40p,us,147.24,4.4,1.58E+16,"276 km N of Saipan, Northern Mariana Islands",9/27/2020,1:58 PM
us6000c40q,us,171.49,4.2,1.00E+16,"5 km SSE of Molagavita, Colombia",9/27/2020,2:21 PM
us6000c40r,us,18.85,4.4,1.58E+16,"106 km E of Pondaguitan, Philippines",9/27/2020,2:51 PM
us6000c40s,us,53.59,4.5,2.00E+16,"140 km S of Severo-Kurilâ€™sk, Russia",9/27/2020,2:55 PM
us6000c416,us,232.88,4,6.31E+15,"85 km W of San Antonio de los Cobres, Argentina",10/1/2020,4:50 PM
us6000c427,us,35,4.3,1.26E+16,off the west coast of the South Island of New Zealand,10/1/2020,5:20 PM
us6000c43n,us,104.47,5,6.31E+16,"237 km WSW of Tual, Indonesia",10/1/2020,6:15 PM
us6000c451,us,10,3,6.31E+14,"56 km S of Whites City, New Mexico",10/1/2020,7:02 PM
us6000c45d,us,209.35,4.5,2.00E+16,"116 km NE of Maumere, Indonesia",10/1/2020,7:06 PM
us6000c47b,us,27.16,3.2,1.00E+15,"204 km SSE of Sand Point, Alaska",10/1/2020,4:48 PM
us6000c4av,us,10,4.7,3.16E+16,Chagos Archipelago region,10/1/2020,9:07 PM
us6000c4cl,us,10,4.8,3.98E+16,"202 km NE of Angoram, Papua New Guinea",10/1/2020,10:04 PM
us6000c4de,us,5,2.9,5.01E+14,"10 km W of Soweto, South Africa",10/1/2020,10:47 AM
us6000c4dl,us,35,4.6,2.51E+16,"41 km SW of Puerto Madero, Mexico",10/1/2020,10:56 PM
us6000c4dw,us,194.74,4.9,5.01E+16,"85 km W of San Antonio de los Cobres, Argentina",10/1/2020,11:13 PM
us6000c4i5,us,19.55,3.7,3.16E+15,"240 km WSW of Adak, Alaska",9/23/2020,7:58 PM
us6000c4i6,us,35,3.2,1.00E+15,"225 km SE of Attu Station, Alaska",9/23/2020,10:51 PM
us6000c4iw,us,10,4.8,3.98E+16,"South of Lombok, Indonesia",10/2/2020,1:48 AM
us6000c4j6,us,10,3.1,7.94E+14,"4 km NE of Westmorland, California",10/2/2020,2:10 AM
us6000c4la,us,21.16,4.2,1.00E+16,"Rat Islands, Aleutian Islands, Alaska",10/2/2020,5:29 AM
us6000c4m1,us,40.01,4.8,3.98E+16,"3 km NE of Santa Cruz, Philippines",10/2/2020,6:56 AM
us6000c4m6,us,187.01,4.3,1.26E+16,"34 km S of Jurm, Afghanistan",10/2/2020,7:16 AM
us6000c4md,us,13.2,4.3,1.26E+16,"3 km SSW of Santa Margarita Huitepec, Mexico",10/2/2020,7:35 AM
us6000c4n8,us,35,4.8,3.98E+16,"112 km WSW of Santiago de Cao, Peru",10/2/2020,9:07 AM
us6000c4n9,us,35,4.8,3.98E+16,"140 km SW of Santiago de Cao, Peru",10/2/2020,9:18 AM
us6000c4nw,us,35,4.6,2.51E+16,"122 km SW of Santiago de Cao, Peru",10/2/2020,9:24 AM
us6000c4p0,us,10,4.2,1.00E+16,"195 km ESE of Chiniak, Alaska",10/2/2020,10:06 AM
us6000c4p5,us,10,5.8,3.98E+17,South Shetland Islands,10/2/2020,10:17 AM
us6000c4ph,us,32.89,4.9,5.01E+16,"120 km S of Kokopo, Papua New Guinea",10/2/2020,10:44 AM
us6000c4pu,us,35,4.5,2.00E+16,"70 km SW of Huanchaquito Alto, Peru",10/2/2020,11:29 AM
us6000c4q9,us,55.73,4.1,7.94E+15,"97 km NW of Bengkulu, Indonesia",9/28/2020,1:17 AM
us6000c4qc,us,10,4.4,1.58E+16,"63 km ENE of Cortes, Philippines",9/28/2020,3:08 AM
us6000c4qm,us,374.13,4.1,7.94E+15,"128 km ESE of ShingÅ«, Japan",9/28/2020,4:02 AM
us6000c4qs,us,10,4.7,3.16E+16,"102 km NW of Port-Vila, Vanuatu",9/28/2020,2:11 PM
us6000c4qt,us,10,4.4,1.58E+16,"253 km NE of Santa Cruz das Flores, Portugal",9/28/2020,3:00 PM
us6000c4qu,us,10,4.3,1.26E+16,"291 km SE of Ustâ€™-Kamchatsk Staryy, Russia",9/28/2020,5:58 PM
us6000c4qv,us,354.03,4,6.31E+15,"240 km W of Hihifo, Tonga",9/28/2020,2:40 PM
us6000c4qw,us,10,4.5,2.00E+16,"273 km NNE of Santa Cruz das Flores, Portugal",9/28/2020,1:04 PM
us6000c4qx,us,19.08,4,6.31E+15,"71 km NE of Hengchun, Taiwan",9/28/2020,7:05 PM
us6000c4qy,us,10,4.1,7.94E+15,"80 km NW of Port-Vila, Vanuatu",9/28/2020,2:15 PM
us6000c4r2,us,10,4.4,1.58E+16,"44 km ESE of Isangel, Vanuatu",9/28/2020,10:29 PM
us6000c4r3,us,78.11,4.6,2.51E+16,Colombia,9/28/2020,10:59 PM
us6000c4r5,us,10,4.3,1.26E+16,"99 km NW of Port-Vila, Vanuatu",9/28/2020,7:41 PM
us6000c4re,us,10,4.7,3.16E+16,South Shetland Islands,10/2/2020,12:37 PM
us6000c4rx,us,9.64,5.1,7.94E+16,"97 km NW of Port-Vila, Vanuatu",10/2/2020,1:16 PM
us6000c4sz,us,5,2,6.31E+13,"20 km WNW of Cheyenne Wells, Colorado",9/30/2020,9:04 PM
us6000c4u2,us,110.74,4.3,1.26E+16,"157 km SSE of Sarangani, Philippines",9/29/2020,1:26 PM
us6000c4u3,us,95.17,4.3,1.26E+16,"150 km E of Kokopo, Papua New Guinea",9/29/2020,1:31 PM
us6000c4u4,us,10,4.6,2.51E+16,Easter Island region,9/29/2020,2:31 PM
us6000c4u5,us,572.63,4.1,7.94E+15,"251 km E of Levuka, Fiji",9/29/2020,2:45 PM
us6000c4u6,us,117.31,4.1,7.94E+15,Banda Sea,9/29/2020,2:32 PM
us6000c4u7,us,46.21,4.1,7.94E+15,"121 km WNW of Ternate, Indonesia",9/29/2020,3:21 PM
us6000c4u8,us,10,4.6,2.51E+16,Indian Ocean Triple Junction,9/29/2020,3:45 PM
us6000c4u9,us,333.51,4,6.31E+15,"80 km SSE of Korsakov, Russia",9/29/2020,1:07 PM
us6000c4ud,us,505.5,4.1,7.94E+15,"293 km E of Levuka, Fiji",9/29/2020,9:12 PM
us6000c4um,us,74.04,4.6,2.51E+16,"173 km ESE of Kokopo, Papua New Guinea",10/2/2020,3:15 PM
us6000c4ws,us,39.25,4.6,2.51E+16,"107 km SW of Huanchaquito Alto, Peru",10/2/2020,4:44 PM
us6000c4xg,us,10,4.9,5.01E+16,"45 km NNE of Pangai, Tonga",10/2/2020,5:12 PM
us6000c4y4,us,150.71,4,6.31E+15,"68 km ESE of FarkhÄr, Afghanistan",10/2/2020,5:52 PM
us6000c4ym,us,12.82,2.5,2.00E+14,"23 km NW of Stanley, Idaho",10/2/2020,6:51 PM
us6000c4z2,us,32.12,4.6,2.51E+16,"125 km SW of Santiago de Cao, Peru",10/2/2020,7:18 PM
us6000c4zm,us,25.21,2.6,2.51E+14,"63 km SE of Sand Point, Alaska",9/25/2020,11:37 AM
us6000c4zp,us,35,3.1,7.94E+14,"135 km SW of Nikolski, Alaska",9/25/2020,2:49 PM
us6000c50q,us,95.16,4.1,7.94E+15,"27 km SSW of AshkÄsham, Afghanistan",10/2/2020,9:15 PM
us6000c51k,us,35,4.4,1.58E+16,"147 km SW of Santiago de Cao, Peru",10/2/2020,10:26 PM
us6000c521,us,78.07,5.2,1.00E+17,"Pagan region, Northern Mariana Islands",10/2/2020,11:31 PM
us6000c528,us,10,4.1,7.94E+15,"37 km NE of Gumdag, Turkmenistan",10/2/2020,11:48 PM
us6000c52d,us,10,4.7,3.16E+16,"38 km NE of BaÃ±os, Ecuador",10/3/2020,12:11 AM
us6000c52g,us,10,2.6,2.51E+14,"26 km NE of Lowman, Idaho",10/3/2020,12:38 AM
us6000c530,us,35,4.3,1.26E+16,"34 km WSW of Puerto Madero, Mexico",10/3/2020,2:18 AM
us6000c532,us,35,3.7,3.16E+15,"73 km SW of Atka, Alaska",10/3/2020,2:33 AM
us6000c53b,us,128.48,4.9,5.01E+16,"23 km SSW of Pondaguitan, Philippines",10/3/2020,3:25 AM
us6000c53d,us,35,2.6,2.51E+14,"35 km NW of San Antonio, Puerto Rico",10/3/2020,3:42 AM
us6000c53m,us,5,2.6,2.51E+14,"51 km NW of Toyah, Texas",10/3/2020,4:08 AM
us6000c547,us,182.37,4.7,3.16E+16,"9 km NNW of Sabang, Philippines",10/3/2020,5:03 AM
us6000c54h,us,119.88,4.5,2.00E+16,"43 km SW of La Rioja, Argentina",10/3/2020,7:04 AM
us6000c54r,us,98.14,2.8,3.98E+14,"10 km S of SalvaleÃ³n de HigÃ¼ey, Dominican Republic",10/3/2020,7:54 AM
us6000c54x,us,59.21,5.5,2.00E+17,"188 km SSE of Tateyama, Japan",10/3/2020,9:31 AM
us6000c56c,us,34.27,5.1,7.94E+16,"41 km SSE of Koshima, Japan",10/3/2020,12:26 PM
us6000c56t,us,10,5.2,1.00E+17,eastern Greenland,10/3/2020,1:22 PM
us6000c57g,us,38.03,4.7,3.16E+16,"4 km W of Bacsay, Philippines",10/3/2020,2:15 PM
us6000c584,us,44.3,4.2,1.00E+16,"21 km WSW of HÄjo, India",10/3/2020,3:36 PM
us6000c588,us,14.93,5.4,1.58E+17,"120 km SSE of Kandrian, Papua New Guinea",10/3/2020,4:30 PM
us6000c589,us,5.09,4.8,3.98E+16,South Shetland Islands,10/3/2020,4:26 PM
us6000c599,us,13.43,2.7,3.16E+14,"61 km SSW of Shungnak, Alaska",10/3/2020,6:35 PM
us6000c59c,us,10,5,6.31E+16,South Shetland Islands,10/3/2020,6:37 PM
us6000c5a9,us,618.31,4.5,2.00E+16,Fiji region,10/3/2020,8:04 PM
us6000c5b0,us,47.03,4.6,2.51E+16,"24 km E of Cortes, Philippines",10/3/2020,10:19 PM
us6000c5b3,us,399.64,4.6,2.51E+16,"197 km E of Kokopo, Papua New Guinea",10/3/2020,10:53 PM
us6000c5c2,us,10,4.8,3.98E+16,"131 km SSW of LotofagÄ, Samoa",10/4/2020,2:18 AM
us6000c5c4,us,33.65,4.8,3.98E+16,"41 km SSE of Koshima, Japan",10/4/2020,2:51 AM
us6000c5cl,us,96.35,5.1,7.94E+16,"200 km SSE of Lata, Solomon Islands",10/4/2020,3:35 AM
us6000c5cm,us,35,4.1,7.94E+15,"22 km NNW of El SÃºchil, Mexico",10/4/2020,3:36 AM
us6000c5e0,us,42.09,4.8,3.98E+16,"195 km WSW of Adak, Alaska",10/4/2020,7:11 AM
us6000c5ef,us,53.76,5.1,7.94E+16,"187 km SSW of Severo-Kurilâ€™sk, Russia",10/4/2020,9:17 AM
us6000c5ej,us,558.56,4.5,2.00E+16,"210 km ENE of Levuka, Fiji",10/4/2020,9:23 AM
us6000c5eq,us,65.85,4.7,3.16E+16,"120 km SE of Lata, Solomon Islands",10/4/2020,9:35 AM
us6000c5f8,us,4.3,1.1,7.94E+12,"23 km N of Blanca, Colorado",10/2/2020,12:23 AM
us6000c5fi,us,5.83,1.1,7.94E+12,"24 km NNE of Blanca, Colorado",10/3/2020,3:10 AM
us6000c5fr,us,15.99,3.1,7.94E+14,"1 km WSW of San Pablo Viejo Abajo, Panama",10/4/2020,10:50 AM
us6000c5hh,us,74.69,4.3,1.26E+16,"60 km W of Yenangyaung, Myanmar",10/4/2020,4:00 PM
us6000c5hp,us,10,4.5,2.00E+16,"37 km SSW of San Carlos, Mexico",10/4/2020,5:13 PM
us6000c5hv,us,59.59,4.9,5.01E+16,"108 km SSE of Lata, Solomon Islands",10/4/2020,5:36 PM
us6000c5i4,us,121.85,5.6,2.51E+17,"Mindoro, Philippines",10/4/2020,6:16 PM
us6000c5ip,us,51.53,4.8,3.98E+16,"30 km N of Petit Valley, Trinidad and Tobago",10/4/2020,7:12 PM
us6000c5it,us,10,2.8,3.98E+14,"40 km NNW of Stanley, Idaho",10/4/2020,7:36 PM
us6000c5j3,us,35.01,4.7,3.16E+16,"27 km ENE of Moyobamba, Peru",10/4/2020,8:21 PM
us6000c5jq,us,15.22,4.5,2.00E+16,"65 km S of OrocuÃ©, Colombia",10/4/2020,9:32 PM
us6000c5k0,us,10,4,6.31E+15,"25 km SSW of Karaton, Kazakhstan",10/4/2020,10:33 PM
us6000c5k4,us,10,4.1,7.94E+15,"104 km SE of King Cove, Alaska",10/4/2020,11:19 PM
us6000c5k6,us,10,4.9,5.01E+16,"121 km ESE of Pangai, Tonga",10/4/2020,11:20 PM
us6000c5kq,us,10,4.9,5.01E+16,"51 km NE of Pangai, Tonga",10/5/2020,1:10 AM
us6000c5kv,us,31.16,2.8,3.98E+14,"52 km SSE of Sand Point, Alaska",10/5/2020,1:41 AM
us6000c5kz,us,10,5,6.31E+16,"209 km SSW of Lajes das Flores, Portugal",10/5/2020,1:27 AM
us6000c5l1,us,81.1,4.9,5.01E+16,"21 km E of ÅŒarai, Japan",10/5/2020,2:32 AM
us6000c5l3,us,71.48,4.9,5.01E+16,"100 km W of Waingapu, Indonesia",10/5/2020,3:07 AM
us6000c5lj,us,10,4.5,2.00E+16,West Chile Rise,10/5/2020,4:39 AM
us6000c5m0,us,10,5.2,1.00E+17,"195 km E of Tadine, New Caledonia",10/5/2020,7:12 AM
us6000c5m9,us,213.42,4.8,3.98E+16,"95 km N of Manado, Indonesia",10/5/2020,7:30 AM
us6000c5ms,us,10,5.2,1.00E+17,Pacific-Antarctic Ridge,10/5/2020,8:48 AM
us6000c5mu,us,99.97,4.5,2.00E+16,"86 km SSE of Vilyuchinsk, Russia",10/5/2020,9:04 AM
us6000c5n9,us,10,4.7,3.16E+16,southeast of the Loyalty Islands,10/5/2020,11:03 AM
us6000c5p5,us,5.69,1.1,7.94E+12,"4 km S of Hoehne, Colorado",10/4/2020,1:20 AM
us6000c5p7,us,120.29,5.1,7.94E+16,Vanuatu,10/5/2020,1:03 PM
us6000c5pr,us,64.42,4.7,3.16E+16,"3 km W of Yamada, Japan",10/5/2020,2:01 PM
us6000c5t3,us,126.53,5.3,1.26E+17,"Maug Islands region, Northern Mariana Islands",10/5/2020,7:04 PM
us6000c5t4,us,10,5.2,1.00E+17,South Shetland Islands,10/5/2020,7:01 PM
us6000c5tp,us,34.08,3.7,3.16E+15,"17 km W of Iquique, Chile",10/5/2020,7:28 PM
us6000c5y3,us,10,5.2,1.00E+17,"149 km E of Leh, India",10/5/2020,11:43 PM
us6000c5y6,us,10,4.9,5.01E+16,"161 km E of Amahai, Indonesia",10/6/2020,12:16 AM
us6000c5yw,us,2.44,1.4,1.58E+13,Wyoming,10/6/2020,3:12 AM
us6000c5ze,us,10,5.4,1.58E+17,northern Mid-Atlantic Ridge,10/6/2020,4:24 AM
us6000c5zf,us,10,4.9,5.01E+16,"160 km WSW of Lebu, Chile",10/6/2020,5:06 AM
us6000c5zg,us,6.05,2.3,1.26E+14,"12 km NNW of Midland, Texas",10/6/2020,5:13 AM
us6000c5zm,us,30.42,5.9,5.01E+17,"68 km SE of Sand Point, Alaska",10/6/2020,5:54 AM
us6000c5zr,us,10,4.6,2.51E+16,"139 km E of Leh, India",10/6/2020,6:13 AM
us6000c5zs,us,35,4,6.31E+15,"5 km SSW of Santiago Xanica, Mexico",10/6/2020,6:19 AM
us6000c5zw,us,92.77,4.6,2.51E+16,"7 km SSE of Yamada, Japan",10/6/2020,6:27 AM
us6000c60p,us,101.52,5,6.31E+16,"13 km W of Ternate, Indonesia",10/6/2020,8:47 AM
us6000c617,us,628.77,6,6.31E+17,"231 km E of Levuka, Fiji",10/6/2020,10:11 AM
us6000c618,us,10,3.4,1.58E+15,off the coast of Oregon,10/6/2020,10:13 AM
us6000c63c,us,45.98,4.9,5.01E+16,"67 km W of Luwuk, Indonesia",10/6/2020,1:17 PM
us6000c63f,us,45.66,4,6.31E+15,"82 km NNE of Tocopilla, Chile",10/6/2020,1:25 PM
us6000c63i,us,40.83,4.8,3.98E+16,"62 km ENE of Cortes, Philippines",10/6/2020,1:22 PM
us6000c63n,us,35,4.9,5.01E+16,"148 km S of Dampit, Indonesia",10/6/2020,1:52 PM
us6000c63r,us,10,5.3,1.26E+17,South Shetland Islands,10/6/2020,1:56 PM
us6000c650,us,6.93,4.4,1.58E+16,"138 km SW of La Esperanza (El Zapotal), Mexico",9/30/2020,5:40 PM
us6000c654,us,44.34,4,6.31E+15,"57 km ENE of Kinablangan, Philippines",9/30/2020,8:48 PM
us6000c658,us,496.5,4.1,7.94E+15,south of the Fiji Islands,9/30/2020,5:41 PM
us6000c65a,us,10,4.6,2.51E+16,"100 km NW of Port-Vila, Vanuatu",9/30/2020,8:03 PM
us6000c66h,us,46.14,4.4,1.58E+16,"97 km SW of KÃ½thira, Greece",10/6/2020,5:21 PM
us7000bj1t,us,72.83,4.9,5.01E+16,"124 km SSW of Abepura, Indonesia",9/6/2020,8:51 PM
us7000bj24,us,11.31,2.7,3.16E+14,"57 km S of Whites City, New Mexico",9/6/2020,9:13 PM
us7000bj2h,us,31.73,5,6.31E+16,"75 km ESE of Kitaibaraki, Japan",9/6/2020,9:33 PM
us7000bj2i,us,10,5.2,1.00E+17,"15 km SSW of Ä€zÄdshahr, Iran",9/6/2020,9:34 PM
us7000bj3j,us,114.8,4.9,5.01E+16,"57 km SSW of Shimoda, Japan",9/6/2020,11:49 PM
us7000bj3k,us,213.16,4.5,2.00E+16,"74 km WSW of Uyuni, Bolivia",9/7/2020,12:00 AM
us7000bj3l,us,10,4.5,2.00E+16,"101 km SE of Hasaki, Japan",9/6/2020,11:52 PM
us7000bj3p,us,10,5,6.31E+16,Falkland Islands region,9/7/2020,12:01 AM
us7000bj4a,us,5,3,6.31E+14,"49 km NW of Toyah, Texas",9/7/2020,1:16 AM
us7000bj4b,us,9.47,4.3,1.26E+16,"103 km NW of Vallenar, Chile",9/7/2020,1:27 AM
us7000bj4c,us,53.16,4.3,1.26E+16,"54 km ESE of Kushiro, Japan",9/7/2020,1:19 AM
us7000bj4n,us,17.43,4.1,7.94E+15,"130 km WSW of Vallenar, Chile",9/7/2020,2:18 AM
us7000bj4y,us,46.99,3.9,5.01E+15,"66 km ESE of Sand Point, Alaska",9/7/2020,2:49 AM
us7000bj61,us,61.59,4.1,7.94E+15,"50 km WSW of Illapel, Chile",9/7/2020,4:39 AM
us7000bj63,us,10,5,6.31E+16,"91 km NW of Port-Vila, Vanuatu",9/7/2020,4:41 AM
us7000bj6y,us,10,6,6.31E+17,"72 km NNE of Port-Vila, Vanuatu",9/7/2020,6:12 AM
us7000bj71,us,10,5.7,3.16E+17,"66 km NNE of Port-Vila, Vanuatu",9/7/2020,6:29 AM
us7000bj7d,us,10,4.8,3.98E+16,"142 km SE of San Jose Village, Northern Mariana Islands",9/7/2020,7:32 AM
us7000bj7j,us,103.7,4.7,3.16E+16,"141 km SSW of Tomohon, Indonesia",9/7/2020,8:06 AM
us7000bj9j,us,10,4.8,3.98E+16,North Indian Ocean,9/7/2020,11:34 AM
us7000bj9u,us,10,2.4,1.58E+14,"8 km W of Stanley, Idaho",9/7/2020,11:47 AM
us7000bjam,us,10,4.6,2.51E+16,"96 km N of Opotiki, New Zealand",9/7/2020,3:21 AM
us7000bjb0,us,154.78,4.5,2.00E+16,"64 km NNE of Port-Olry, Vanuatu",9/7/2020,12:53 PM
us7000bjbe,us,14.9,4.9,5.01E+16,"121 km N of Nurota, Uzbekistan",9/7/2020,2:15 PM
us7000bjbu,us,5,2.7,3.16E+14,"59 km S of Whites City, New Mexico",9/7/2020,4:49 PM
us7000bjc1,us,167.25,4.5,2.00E+16,"186 km NE of Lospalos, Timor Leste",9/7/2020,4:59 PM
us7000bjc7,us,35,3.5,2.00E+15,"5 km WSW of El Valle, Dominican Republic",9/7/2020,5:22 PM
us7000bjci,us,10,5.6,2.51E+17,Easter Island region,9/7/2020,5:40 PM
us7000bjcs,us,10,4.7,3.16E+16,"229 km SSW of Banjar, Indonesia",9/7/2020,5:49 PM
us7000bjdp,us,10,4.6,2.51E+16,"281 km NE of Saipan, Northern Mariana Islands",9/7/2020,6:44 PM
us7000bjem,us,10,4.8,3.98E+16,central Mid-Atlantic Ridge,9/7/2020,9:18 PM
us7000bjex,us,41.16,4.7,3.16E+16,"168 km NNE of Bamboo Flat, India",9/7/2020,9:37 PM
us7000bjg8,us,153.39,4.3,1.26E+16,"33 km W of Murghob, Tajikistan",9/8/2020,12:17 AM
us7000bjgb,us,174.05,5.9,5.01E+17,"197 km SSE of Amahai, Indonesia",9/8/2020,12:45 AM
us7000bji4,us,10,4.4,1.58E+16,"40 km NE of Mohr, Iran",9/8/2020,1:34 AM
us7000bji5,us,10,4.2,1.00E+16,"88 km N of Colonia Emiliano Zapata, Mexico",9/8/2020,1:40 AM
us7000bjid,us,53.14,4.5,2.00E+16,"57 km S of Pelabuhanratu, Indonesia",9/8/2020,2:06 AM
us7000bjiq,us,57.7,5,6.31E+16,"48 km NNW of Nago, Japan",9/8/2020,2:58 AM
us7000bjj1,us,10,4.2,1.00E+16,"Banks Island, Northwest Territories, Canada",9/8/2020,3:56 AM
us7000bjjb,us,10,5,6.31E+16,"189 km WSW of Pariaman, Indonesia",9/8/2020,4:37 AM
us7000bjlb,us,10,5.4,1.58E+17,"127 km NE of Hihifo, Tonga",9/8/2020,8:28 AM
us7000bjlf,us,10,3.9,5.01E+15,"2 km WSW of Pitstone, United Kingdom",9/8/2020,8:45 AM
us7000bjly,us,10,4.3,1.26E+16,"80 km NW of Coquimbo, Chile",9/8/2020,9:35 AM
us7000bjmf,us,10,4.3,1.26E+16,"237 km W of Attu Station, Alaska",9/8/2020,10:05 AM
us7000bjmq,us,10,4.7,3.16E+16,"14 km E of Sincik, Turkey",9/8/2020,10:44 AM
us7000bjpy,us,15.53,3.1,7.94E+14,"25 km NW of Stanley, Idaho",9/8/2020,12:24 PM
us7000bjq1,us,10,4.2,1.00E+16,"16 km NNE of Sincik, Turkey",9/8/2020,12:39 PM
us7000bjq6,us,10,4.5,2.00E+16,"103 km ESE of East End, Cayman Islands",9/8/2020,1:00 PM
us7000bjqi,us,5,1.6,2.51E+13,"16 km S of Stonewall Gap, Colorado",9/7/2020,3:33 AM
us7000bjqs,us,5,1.9,5.01E+13,"11 km SE of Stonewall Gap, Colorado",9/7/2020,9:35 AM
us7000bjqz,us,92.86,4.1,7.94E+15,"243 km ESE of Attu Station, Alaska",9/8/2020,1:43 PM
us7000bjr1,us,5,1.8,3.98E+13,"15 km S of Stonewall Gap, Colorado",9/7/2020,2:42 PM
us7000bjr9,us,5,1,6.31E+12,"15 km SSE of Stonewall Gap, Colorado",9/7/2020,5:02 AM
us7000bjrp,us,5,2.4,1.58E+14,"34 km NNW of Stanley, Idaho",9/8/2020,7:26 AM
us7000bjrt,us,5,4.2,1.00E+16,"13 km N of Sincik, Turkey",9/8/2020,3:06 PM
us7000bjs0,us,10,2.5,2.00E+14,"8 km SSW of Stanley, Idaho",9/8/2020,6:47 AM
us7000bjtj,us,10,2.9,5.01E+14,"22 km WNW of Stanley, Idaho",9/8/2020,4:32 PM
us7000bjyq,us,10,4,6.31E+15,"39 km NNW of Stanley, Idaho",9/8/2020,8:23 PM
us7000bjzi,us,10,4.4,1.58E+16,"39 km NNW of Stanley, Idaho",9/8/2020,8:24 PM
us7000bjzs,us,13.11,3.2,1.00E+15,"32 km NW of Stanley, Idaho",9/8/2020,8:38 PM
us7000bjzy,us,10,3,6.31E+14,"31 km NNW of Stanley, Idaho",9/8/2020,8:42 PM
us7000bk03,us,17.21,1.3,1.26E+13,"9 km SSW of Brownsburg-Chatham, Canada",9/7/2020,12:05 AM
us7000bk26,us,12.67,2.6,2.51E+14,"37 km NW of Stanley, Idaho",9/8/2020,9:50 PM
us7000bk2a,us,6.78,2.7,3.16E+14,"48 km NW of Toyah, Texas",9/7/2020,1:18 AM
us7000bk2g,us,10,4.3,1.26E+16,"20 km NW of Marmara, Turkey",9/8/2020,9:57 PM
us7000bk2y,us,25.01,4.4,1.58E+16,"46 km WNW of Ovalle, Chile",9/8/2020,10:26 PM
us7000bk4d,us,80.77,3.9,5.01E+15,"69 km S of King Cove, Alaska",9/8/2020,11:36 PM
us7000bk5e,us,5,1.2,1.00E+13,"2 km WSW of Long Island, Maine",9/8/2020,1:20 AM
us7000bk6b,us,35,5.4,1.58E+17,"195 km SE of Sarangani, Philippines",9/9/2020,3:41 AM
us7000bk7f,us,5,3.1,7.94E+14,"2 km SSE of East Freehold, New Jersey",9/9/2020,6:00 AM
us7000bk82,us,18,5.8,3.98E+17,"185 km SE of Sarangani, Philippines",9/9/2020,7:18 AM
us7000bk9q,us,43.8,4.5,2.00E+16,"195 km SE of Sarangani, Philippines",9/9/2020,8:51 AM
us7000bk9w,us,21.12,4.4,1.58E+16,"23 km SSW of El Coyul, Mexico",9/9/2020,9:16 AM
us7000bka9,us,68.54,4.2,1.00E+16,"129 km ESE of Nabire, Indonesia",9/9/2020,9:55 AM
us7000bkas,us,10,4.4,1.58E+16,"36 km NNW of Bandar Abbas, Iran",9/9/2020,10:42 AM
us7000bkat,us,10,2.4,1.58E+14,"36 km NNW of Stanley, Idaho",9/9/2020,10:54 AM
us7000bkaw,us,41.17,5.3,1.26E+17,"113 km W of Panguna, Papua New Guinea",9/9/2020,10:57 AM
us7000bkby,us,5,1,6.31E+12,"13 km S of Stonewall Gap, Colorado",9/7/2020,9:40 AM
us7000bkcf,us,138.64,4.7,3.16E+16,"171 km NE of Lospalos, Timor Leste",9/9/2020,2:28 PM
us7000bkcj,us,77.61,4.6,2.51E+16,Kuril Islands,9/9/2020,2:24 PM
us7000bkd8,us,10,2.4,1.58E+14,"35 km NNW of Stanley, Idaho",9/9/2020,4:43 AM
us7000bkfj,us,10,3,6.31E+14,"209 km NW of Nikolski, Alaska",9/9/2020,6:55 AM
us7000bkfs,us,188,4.4,1.58E+16,"47 km ESE of Khorugh, Tajikistan",9/9/2020,4:16 PM
us7000bkg2,us,5,2.4,1.58E+14,"17 km NE of Hermleigh, Texas",9/9/2020,4:25 PM
us7000bkj1,us,76.56,4.1,7.94E+15,"8 km SE of Ricardo Palma, Peru",9/9/2020,6:17 PM
us7000bknn,us,10,4.9,5.01E+16,South Shetland Islands,9/9/2020,8:37 PM
us7000bkqs,us,10,2.2,1.00E+14,"34 km NW of Stanley, Idaho",9/9/2020,2:34 PM
us7000bkr0,us,212.35,4.2,1.00E+16,"118 km NNW of San Antonio de los Cobres, Argentina",9/9/2020,9:47 PM
us7000bks0,us,90.49,4.4,1.58E+16,"52 km ENE of Severo-Kurilâ€™sk, Russia",9/9/2020,10:11 PM
us7000bks4,us,315.24,5.2,1.00E+17,"167 km S of Mata-Utu, Wallis and Futuna",9/9/2020,10:55 PM
us7000bkt8,us,168.93,4.2,1.00E+16,"20 km ESE of San Jorge, Nicaragua",9/10/2020,12:03 AM
us7000bktm,us,67.05,4.3,1.26E+16,"22 km SSW of Pampachiri, Peru",9/10/2020,12:36 AM
us7000bktu,us,81.92,4.1,7.94E+15,"57 km N of KhandÅ«d, Afghanistan",9/10/2020,1:07 AM
us7000bkv3,us,5,3.1,7.94E+14,"57 km S of Whites City, New Mexico",9/10/2020,3:29 AM
us7000bkvk,us,44.92,4.5,2.00E+16,"94 km N of Lospalos, Timor Leste",9/10/2020,3:58 AM
us7000bky6,us,98.25,5,6.31E+16,"112 km SSE of Pundong, Indonesia",9/10/2020,8:26 AM
us7000bkze,us,10,4.3,1.26E+16,"85 km S of PÃ½rgos, Greece",9/10/2020,10:30 AM
us7000bl22,us,185.89,4.4,1.58E+16,"4 km ENE of Rizo de Oro, Mexico",9/10/2020,12:47 PM
us7000bl6l,us,10,4.4,1.58E+16,"195 km SSE of Attu Station, Alaska",9/6/2020,9:12 PM
us7000bl6p,us,10,4.1,7.94E+15,western Xizang,9/6/2020,9:45 PM
us7000bl6r,us,180.02,4.3,1.26E+16,"82 km E of Lakatoro, Vanuatu",9/6/2020,10:41 PM
us7000bl6t,us,564.97,4.4,1.58E+16,"245 km E of Levuka, Fiji",9/6/2020,11:59 PM
us7000bl8x,us,127.25,4.3,1.26E+16,"62 km NE of Mawlaik, Myanmar",9/10/2020,4:54 PM
us7000bld5,us,10,4.7,3.16E+16,"191 km ENE of Angoram, Papua New Guinea",9/10/2020,7:42 PM
us7000bldc,us,122.02,4.3,1.26E+16,"95 km NNE of Calama, Chile",9/10/2020,7:57 PM
us7000blew,us,10,4.3,1.26E+16,"11 km SW of New Mirpur, Pakistan",9/10/2020,8:23 PM
us7000blf9,us,73.14,4.9,5.01E+16,"80 km S of Finschhafen, Papua New Guinea",9/10/2020,8:31 PM
us7000blfg,us,10,4.6,2.51E+16,"114 km NW of Vallenar, Chile",9/10/2020,8:39 PM
us7000bli6,us,10,4.7,3.16E+16,central Mid-Atlantic Ridge,9/10/2020,10:26 PM
us7000blir,us,10,2.6,2.51E+14,"129 km NNW of San Antonio, Puerto Rico",9/10/2020,11:36 PM
us7000blis,us,108.62,4.3,1.26E+16,"75 km S of Bima, Indonesia",9/10/2020,11:33 PM
us7000bljf,us,123.95,4.6,2.51E+16,"136 km ESE of Iquique, Chile",9/11/2020,12:57 AM
us7000blkf,us,10,4.6,2.51E+16,"130 km ESE of Kamaishi, Japan",9/11/2020,2:13 AM
us7000blkg,us,29.09,4.2,1.00E+16,"13 km SSW of KaparÃ©llion, Greece",9/11/2020,3:01 AM
us7000blkr,us,10,4.4,1.58E+16,"33 km NNW of IlÄm, Nepal",9/11/2020,3:45 AM
us7000bll3,us,9.16,4.7,3.16E+16,"254 km SSE of Attu Station, Alaska",9/11/2020,4:44 AM
us7000blld,us,74.54,4.6,2.51E+16,"15 km NE of Santa Cruz, Philippines",9/11/2020,4:52 AM
us7000blle,us,245.86,4.5,2.00E+16,Mariana Islands region,9/11/2020,4:56 AM
us7000bllf,us,115.36,4.4,1.58E+16,"65 km NNW of San JosÃ© de JÃ¡chal, Argentina",9/11/2020,5:35 AM
us7000blm2,us,51,6.2,1.00E+18,"82 km NNE of Tocopilla, Chile",9/11/2020,7:35 AM
us7000blpf,us,45.09,4.5,2.00E+16,"78 km NNE of Tocopilla, Chile",9/11/2020,8:25 AM
us7000blqh,us,24.28,3.3,1.26E+15,"91 km SSW of Sand Point, Alaska",9/11/2020,9:18 AM
us7000blr1,us,47.13,4.5,2.00E+16,"80 km NNE of Tocopilla, Chile",9/11/2020,10:13 AM
us7000blse,us,10,4.2,1.00E+16,"85 km NW of Port-Vila, Vanuatu",9/7/2020,1:39 AM
us7000blsf,us,40.81,4.2,1.00E+16,"116 km NW of Ternate, Indonesia",9/7/2020,3:29 AM
us7000blsg,us,29.33,4.4,1.58E+16,"83 km ESE of Iwaki, Japan",9/7/2020,3:30 AM
us7000blsh,us,273.72,4.2,1.00E+16,"9 km SSE of Odala, Philippines",9/7/2020,5:07 AM
us7000blsi,us,74.36,4.5,2.00E+16,"145 km N of Neiafu, Tonga",9/7/2020,5:42 AM
us7000blsj,us,10,4.2,1.00E+16,"172 km S of Kokopo, Papua New Guinea",9/7/2020,6:08 AM
us7000blsn,us,10,4,6.31E+15,"92 km NW of Port-Vila, Vanuatu",9/7/2020,3:30 AM
us7000blsq,us,10,4.5,2.00E+16,"88 km NNE of Port-Vila, Vanuatu",9/7/2020,9:27 AM
us7000blss,us,63.15,4.1,7.94E+15,"118 km SSW of Abepura, Indonesia",9/7/2020,9:28 AM
us7000blst,us,27.23,4.3,1.26E+16,"254 km E of Miyako, Japan",9/7/2020,9:53 AM
us7000blsv,us,10,4.1,7.94E+15,"97 km NW of Port-Vila, Vanuatu",9/7/2020,4:32 AM
us7000blsy,us,10,3.9,5.01E+15,"169 km SSE of Nikolski, Alaska",9/7/2020,1:10 PM
us7000blt1,us,10,4.3,1.26E+16,"186 km SE of Petropavlovsk-Kamchatsky, Russia",9/7/2020,7:12 PM
us7000blt2,us,10,4.6,2.51E+16,central Mid-Atlantic Ridge,9/7/2020,9:22 PM
us7000blt3,us,605.2,4.3,1.26E+16,Fiji region,9/7/2020,10:22 PM
us7000blt4,us,10,4.6,2.51E+16,southern East Pacific Rise,9/7/2020,7:38 PM
us7000blt7,us,18.81,4.1,7.94E+15,"Komandorskiye Ostrova, Russia region",9/7/2020,10:23 PM
us7000blt8,us,10,4.6,2.51E+16,"101 km SE of Hasaki, Japan",9/7/2020,1:45 AM
us7000blv2,us,10,4.4,1.58E+16,southeast of Easter Island,9/8/2020,2:15 AM
us7000blv3,us,10,4.4,1.58E+16,Chagos Archipelago region,9/8/2020,1:54 AM
us7000blv5,us,35,4.5,2.00E+16,"30 km ENE of Aras-asan, Philippines",9/8/2020,5:03 AM
us7000blv9,us,468.39,4.7,3.16E+16,"Bonin Islands, Japan region",9/8/2020,12:55 AM
us7000blvc,us,10,4.4,1.58E+16,"111 km NW of Vallenar, Chile",9/8/2020,2:20 AM
us7000blvf,us,25.09,4.5,2.00E+16,"64 km N of Cabodiongan, Philippines",9/8/2020,9:03 AM
us7000blvh,us,48.46,4.2,1.00E+16,"120 km NW of Ternate, Indonesia",9/8/2020,9:43 AM
us7000blvm,us,10,4.2,1.00E+16,"212 km S of Kokopo, Papua New Guinea",9/8/2020,11:21 AM
us7000blvn,us,40.94,4.3,1.26E+16,"154 km ESE of Kokopo, Papua New Guinea",9/8/2020,11:50 AM
us7000blvp,us,10,4.6,2.51E+16,Mid-Indian Ridge,9/8/2020,12:42 PM
us7000blvq,us,10,4.8,3.98E+16,"261 km ESE of Kamaishi, Japan",9/8/2020,1:01 PM
us7000blvr,us,10.47,4.6,2.51E+16,"48 km WSW of Golfito, Costa Rica",9/8/2020,1:29 PM
us7000blvt,us,187.04,4,6.31E+15,off the east coast of the North Island of New Zealand,9/8/2020,2:57 PM
us7000blvu,us,112.92,4.7,3.16E+16,Banda Sea,9/8/2020,3:46 PM
us7000blvx,us,119.86,4.2,1.00E+16,"46 km NNW of Yigo Village, Guam",9/8/2020,7:25 PM
us7000blw1,us,153.61,4.1,7.94E+15,"190 km WSW of Tual, Indonesia",9/8/2020,4:04 AM
us7000blw3,us,10,4.8,3.98E+16,Easter Island region,9/8/2020,5:57 PM
us7000blxt,us,10,4.3,1.26E+16,Carlsberg Ridge,9/11/2020,4:47 PM
us7000blzb,us,10,3.1,7.94E+14,Alaska Peninsula,9/11/2020,1:00 AM
us7000blzs,us,10,4.4,1.58E+16,"63 km E of Kalemie, Democratic Republic of the Congo",9/11/2020,5:52 PM
us7000bm1j,us,17.28,3.5,2.00E+15,"104 km W of Adak, Alaska",9/11/2020,6:58 PM
us7000bm4f,us,12,3.2,1.00E+15,southern Idaho,9/11/2020,8:49 PM
us7000bm53,us,377.21,4.4,1.58E+16,"237 km SE of ShingÅ«, Japan",9/11/2020,9:08 PM
us7000bm6c,us,482.55,4.2,1.00E+16,"Bonin Islands, Japan region",9/11/2020,9:57 PM
us7000bm6y,us,10,4.9,5.01E+16,Scotia Sea,9/11/2020,11:04 PM
us7000bm7e,us,60.19,4.8,3.98E+16,"112 km ESE of Kokopo, Papua New Guinea",9/11/2020,11:30 PM
us7000bm85,us,71.14,4.3,1.26E+16,"Sumbawa region, Indonesia",9/12/2020,12:58 AM
us7000bm9g,us,556.57,5.6,2.51E+17,"279 km E of Levuka, Fiji",9/12/2020,2:37 AM
us7000bm9m,us,32.09,6.1,7.94E+17,"57 km SE of ÅŒfunato, Japan",9/12/2020,2:44 AM
us7000bm9p,us,41.18,4.9,5.01E+16,"74 km SE of ÅŒfunato, Japan",9/12/2020,2:50 AM
us7000bma2,us,30.87,4.5,2.00E+16,"67 km SE of ÅŒfunato, Japan",9/12/2020,3:49 AM
us7000bmbb,us,35,4.6,2.51E+16,south of the Kermadec Islands,9/12/2020,5:59 AM
us7000bmbe,us,51.43,4.4,1.58E+16,"Tarapaca-Antofagasta border region, Chile",9/12/2020,6:45 AM
us7000bmbi,us,136.04,5.1,7.94E+16,"38 km ENE of Port-Olry, Vanuatu",9/12/2020,6:47 AM
us7000bmbs,us,11.01,2.2,1.00E+14,"2 km E of Offstein, Germany",9/11/2020,5:21 AM
us7000bmbt,us,35,4.5,2.00E+16,"131 km W of Waingapu, Indonesia",9/12/2020,7:10 AM
us7000bmcd,us,10,4.7,3.16E+16,"121 km E of Tairua, New Zealand",9/12/2020,7:53 AM
us7000bmcu,us,32.6,3.6,2.51E+15,"28 km WSW of Brooklyn, New Zealand",9/12/2020,8:32 AM
us7000bmcx,us,10,5.9,5.01E+17,Vanuatu,9/12/2020,8:34 AM
us7000bmdd,us,20.4,4.5,2.00E+16,"Near the coast of Atacama, Chile",9/12/2020,9:45 AM
us7000bmdu,us,87.26,4.9,5.01E+16,south of the Fiji Islands,9/12/2020,12:14 PM
us7000bme4,us,10,4.7,3.16E+16,"171 km WSW of Labuan, Indonesia",9/12/2020,1:07 PM
us7000bmem,us,138.34,4.8,3.98E+16,"104 km SSW of Tomohon, Indonesia",9/12/2020,1:38 PM
us7000bmgw,us,13.68,4.3,1.26E+16,"8 km NW of Rubik, Albania",9/12/2020,4:46 PM
us7000bmh8,us,10,4.6,2.51E+16,"82 km ESE of Kuqa, China",9/12/2020,5:19 PM
us7000bmip,us,138.72,5.2,1.00E+17,"208 km NE of Lospalos, Timor Leste",9/12/2020,8:26 PM
us7000bmjn,us,242.26,4.4,1.58E+16,"22 km SE of Uyuni, Bolivia",9/12/2020,9:38 PM
us7000bmki,us,10,4.5,2.00E+16,"Izu Islands, Japan region",9/13/2020,12:14 AM
us7000bmkl,us,199.63,4,6.31E+15,"19 km SE of Tokoroa, New Zealand",9/13/2020,12:29 AM
us7000bmkz,us,67.95,4.7,3.16E+16,"Izu Islands, Japan region",9/13/2020,1:22 AM
us7000bmlb,us,10,4.5,2.00E+16,"44 km S of Behshahr, Iran",9/13/2020,3:04 AM
us7000bmlz,us,10,4.4,1.58E+16,"118 km ENE of Kurumkan, Russia",9/13/2020,4:55 AM
us7000bmm3,us,8.25,1.8,3.98E+13,"9 km NNE of Odessa, Texas",9/13/2020,5:39 AM
us7000bmmy,us,118.08,4,6.31E+15,"127 km ESE of Iquique, Chile",9/13/2020,7:59 AM
us7000bmn1,us,43.98,4.5,2.00E+16,"74 km WSW of Santiago de Cao, Peru",9/13/2020,8:07 AM
us7000bmnb,us,10,3.7,3.16E+15,"0 km ENE of Amatillo, Mexico",9/13/2020,9:54 AM
us7000bmnc,us,61.86,5.4,1.58E+17,"73 km N of Lae, Papua New Guinea",9/13/2020,10:28 AM
us7000bmne,us,41.18,4.8,3.98E+16,"105 km ENE of Hachinohe, Japan",9/13/2020,10:44 AM
us7000bmng,us,15.88,3.2,1.00E+15,"27 km NW of Stanley, Idaho",9/13/2020,10:52 AM
us7000bmnl,us,26.87,3.5,2.00E+15,Gulf of Alaska,9/13/2020,11:11 AM
us7000bmp6,us,10,5.2,1.00E+17,south of the Kermadec Islands,9/13/2020,11:47 AM
us7000bmpc,us,8.8,4.4,1.58E+16,"104 km SSE of Ustâ€™-Kamchatsk Staryy, Russia",9/13/2020,12:13 PM
us7000bmpv,us,64.04,4.3,1.26E+16,"199 km SSE of Tateyama, Japan",9/13/2020,1:26 PM
us7000bmpy,us,10,5,6.31E+16,"16 km S of Uglegorsk, Russia",9/13/2020,1:42 PM
us7000bmq2,us,10,4.6,2.51E+16,"20 km SSE of Uglegorsk, Russia",9/13/2020,2:09 PM
us7000bmq4,us,26.32,4.4,1.58E+16,"87 km SW of Vallenar, Chile",9/13/2020,2:52 PM
us7000bmql,us,10,4.6,2.51E+16,Carlsberg Ridge,9/13/2020,4:16 PM
us7000bmqv,us,35,4.9,5.01E+16,"211 km SE of Sarangani, Philippines",9/13/2020,4:50 PM
us7000bmqx,us,24.9,4.8,3.98E+16,"77 km NNE of Mamuju, Indonesia",9/13/2020,4:59 PM
us7000bmra,us,131.31,5,6.31E+16,"64 km E of Meulaboh, Indonesia",9/13/2020,6:28 PM
us7000bmru,us,10,4.7,3.16E+16,"99 km NNW of Port-Vila, Vanuatu",9/13/2020,7:06 PM
us7000bmrw,us,17.52,3.6,2.51E+15,"106 km S of Sand Point, Alaska",9/13/2020,7:53 PM
us7000bmrx,us,10,2.3,1.26E+14,"35 km NW of Stanley, Idaho",9/13/2020,7:55 PM
us7000bmry,us,10,2.3,1.26E+14,"37 km NW of Stanley, Idaho",9/13/2020,8:06 PM
us7000bms6,us,10,4.8,3.98E+16,"194 km SE of Sarangani, Philippines",9/13/2020,8:41 PM
us7000bmta,us,10,2.9,5.01E+14,"10 km WNW of Stanley, Idaho",9/13/2020,11:23 PM
us7000bmtd,us,10,3.9,5.01E+15,"205 km W of Langlois, Oregon",9/13/2020,11:37 PM
us7000bmth,us,10,2.8,3.98E+14,"142 km SW of Pole Ojea, Puerto Rico",9/13/2020,11:41 PM
us7000bmu2,us,13.74,1.3,1.26E+13,"7 km ESE of La Malbaie, Canada",9/11/2020,12:43 PM
us7000bmuc,us,11.37,1.7,3.16E+13,"7 km ENE of Baie-Saint-Paul, Canada",9/12/2020,3:22 AM
us7000bmup,us,10,4.4,1.58E+16,"193 km SE of Ustâ€™-Kamchatsk Staryy, Russia",9/14/2020,1:15 AM
us7000bmuy,us,547.09,4.6,2.51E+16,Fiji region,9/14/2020,2:12 AM
us7000bmv2,us,10,4.5,2.00E+16,northern Mid-Atlantic Ridge,9/14/2020,1:58 AM
us7000bmvd,us,41.02,4.5,2.00E+16,"191 km SE of Sarangani, Philippines",9/14/2020,2:47 AM
us7000bmwe,us,7.68,2.5,2.00E+14,"62 km S of Spring Creek, Nevada",9/14/2020,4:21 AM
us7000bmwl,us,235.4,4,6.31E+15,"40 km SW of AshkÄsham, Afghanistan",9/14/2020,4:59 AM
us7000bmwp,us,10,2.5,2.00E+14,"183 km W of Ferndale, California",9/14/2020,5:14 AM
us7000bmwy,us,1.87,2.5,2.00E+14,"50 km W of Mentone, Texas",9/14/2020,6:05 AM
us7000bmxj,us,10,2.2,1.00E+14,"14 km WNW of Stanley, Idaho",9/14/2020,7:27 AM
us7000bmxm,us,165.44,4.4,1.58E+16,"70 km E of Atlasovo, Russia",9/14/2020,7:43 AM
us7000bmxp,us,10,5,6.31E+16,south of the Mariana Islands,9/14/2020,8:07 AM
us7000bmy9,us,10,2.5,2.00E+14,"28 km NW of Stanley, Idaho",9/14/2020,9:09 AM
us7000bmyv,us,10,4.8,3.98E+16,southeast of Easter Island,9/14/2020,10:04 AM
us7000bmyy,us,90.33,4.5,2.00E+16,"62 km SE of Ozernovskiy, Russia",9/14/2020,10:08 AM
us7000bmzm,us,10,4.8,3.98E+16,"274 km SW of Merizo Village, Guam",9/14/2020,10:23 AM
us7000bmzn,us,142.04,4.6,2.51E+16,Banda Sea,9/14/2020,11:07 AM
us7000bmzu,us,82.65,4.5,2.00E+16,"70 km NNE of Ishigaki, Japan",9/14/2020,11:30 AM
us7000bn0h,us,11.25,2.2,1.00E+14,"29 km NW of Stanley, Idaho",9/10/2020,7:15 PM
us7000bn0m,us,5,2.6,2.51E+14,"51 km W of Mentone, Texas",9/14/2020,2:06 PM
us7000bn0p,us,3.72,3.2,1.00E+15,"19 km ESE of Lindsay, Texas",9/14/2020,2:14 PM
us7000bn11,us,137.36,4.6,2.51E+16,"6 km ESE of Patulul, Guatemala",9/14/2020,2:29 PM
us7000bn1a,us,10,2.6,2.51E+14,"20 km WNW of Stanley, Idaho",9/14/2020,2:43 PM
us7000bn26,us,181.81,4.4,1.58E+16,"Pagan region, Northern Mariana Islands",9/9/2020,1:57 AM
us7000bn27,us,53.61,4.2,1.00E+16,"near the east coast of Honshu, Japan",9/9/2020,2:45 AM
us7000bn28,us,533.57,4.6,2.51E+16,"173 km S of Levuka, Fiji",9/9/2020,4:24 AM
us7000bn29,us,10,4.4,1.58E+16,"Mindoro, Philippines",9/9/2020,4:53 AM
us7000bn2g,us,99.33,4.4,1.58E+16,"202 km S of Sarangani, Philippines",9/9/2020,7:43 AM
us7000bn2h,us,10,4.4,1.58E+16,"191 km SE of Sarangani, Philippines",9/9/2020,8:04 AM
us7000bn2r,us,10,4.6,2.51E+16,south of the Kermadec Islands,9/9/2020,11:14 AM
us7000bn2z,us,482.96,4.1,7.94E+15,south of the Fiji Islands,9/9/2020,6:15 PM
us7000bn30,us,10,4.3,1.26E+16,"220 km ENE of Port Mathurin, Mauritius",9/9/2020,7:39 PM
us7000bn35,us,178.64,4.3,1.26E+16,"2 km NE of Tejutla, Guatemala",9/9/2020,11:59 AM
us7000bn3h,us,10,4.4,1.58E+16,"116 km WSW of Kushikino, Japan",9/14/2020,4:05 PM
us7000bn3x,us,15.25,3.2,1.00E+15,"26 km NW of Stanley, Idaho",9/14/2020,5:15 PM
us7000bn4e,us,10,2.7,3.16E+14,"24 km WNW of Stanley, Idaho",9/14/2020,5:54 PM
us7000bn6r,us,10,4.7,3.16E+16,"109 km NE of Hihifo, Tonga",9/14/2020,7:53 PM
us7000bn89,us,14.25,2.6,2.51E+14,"46 km SSE of Yellow Pine, Idaho",9/12/2020,8:28 PM
us7000bn9g,us,574.18,4.3,1.26E+16,"223 km E of Levuka, Fiji",9/14/2020,8:27 PM
us7000bnaf,us,9.35,4.3,1.26E+16,"119 km NW of Vallenar, Chile",9/14/2020,10:21 PM
us7000bnap,us,3.78,2.8,3.98E+14,"50 km S of Whites City, New Mexico",9/14/2020,10:40 PM
us7000bnbr,us,242.71,4.3,1.26E+16,"109 km WSW of Abra Pampa, Argentina",9/15/2020,12:55 AM
us7000bncm,us,6.83,3.1,7.94E+14,"50 km S of Whites City, New Mexico",9/15/2020,2:52 AM
us7000bnd1,us,344,6.4,1.58E+18,"18 km WNW of Esso, Russia",9/15/2020,3:41 AM
us7000bnd3,us,10,4.4,1.58E+16,Carlsberg Ridge,9/15/2020,3:13 AM
us7000bndc,us,10,6,6.31E+17,"157 km NNE of Labasa, Fiji",9/15/2020,4:12 AM
us7000bned,us,23,4.5,2.00E+16,"102 km NW of Vallenar, Chile",9/15/2020,5:11 AM
us7000bneq,us,35,4.6,2.51E+16,"4 km NE of Itako, Japan",9/15/2020,6:06 AM
us7000bney,us,10,2.4,1.58E+14,"35 km NW of Stanley, Idaho",9/15/2020,6:36 AM
us7000bnff,us,51.16,4.8,3.98E+16,"10 km NW of Aguas Verdes, Peru",9/15/2020,6:44 AM
us7000bng9,us,10,4.7,3.16E+16,"86 km NNE of Port-Vila, Vanuatu",9/15/2020,8:04 AM
us7000bngw,us,67.59,4.4,1.58E+16,"90 km SSE of Angoram, Papua New Guinea",9/15/2020,9:51 AM
us7000bnh9,us,9.99,4.9,5.01E+16,"189 km NNE of Labasa, Fiji",9/15/2020,10:55 AM
us7000bnhf,us,10,4.5,2.00E+16,"126 km NE of Maketu, New Zealand",9/15/2020,7:29 AM
us7000bnid,us,10,2.5,2.00E+14,"15 km SW of Stanley, Idaho",9/15/2020,2:16 PM
us7000bniv,us,10,4.3,1.26E+16,"27 km WNW of NorÃ°urÃ¾ing, Iceland",9/15/2020,2:52 PM
us7000bniy,us,226.18,4.2,1.00E+16,"88 km W of Abra Pampa, Argentina",9/15/2020,3:34 PM
us7000bnj2,us,10,5,6.31E+16,"117 km SE of Kandrian, Papua New Guinea",9/15/2020,3:38 PM
us7000bnjq,us,10,4.5,2.00E+16,central Mid-Atlantic Ridge,9/10/2020,2:33 AM
us7000bnjr,us,486.05,4.5,2.00E+16,"160 km N of Maubara, Timor Leste",9/10/2020,3:49 AM
us7000bnk1,us,10,4.6,2.51E+16,southwest of Africa,9/10/2020,4:09 PM
us7000bnk2,us,38.19,4.1,7.94E+15,"83 km W of San Juan, Peru",9/10/2020,4:55 PM
us7000bnk5,us,13.77,4.3,1.26E+16,"61 km NW of Tiksi, Russia",9/10/2020,7:34 PM
us7000bnka,us,42.77,4.3,1.26E+16,"194 km SE of Sarangani, Philippines",9/10/2020,10:12 PM
us7000bnkb,us,10,4.1,7.94E+15,"169 km NE of Lorengau, Papua New Guinea",9/10/2020,10:01 PM
us7000bnkc,us,10,4.4,1.58E+16,"187 km WNW of Port-Olry, Vanuatu",9/10/2020,7:46 PM
us7000bnkh,us,10,4.6,2.51E+16,South Sandwich Islands region,9/10/2020,11:59 PM
us7000bnnw,us,29.25,3,6.31E+14,"121 km S of Sand Point, Alaska",9/15/2020,5:24 AM
us7000bnrj,us,10,4.5,2.00E+16,"92 km WSW of San Juan del Sur, Nicaragua",9/15/2020,10:08 PM
us7000bnsh,us,10,5.3,1.26E+17,"14 km SSW of KodÄriÌ‡Ì„, Nepal",9/15/2020,11:34 PM
us7000bnta,us,10,4.3,1.26E+16,"northwest of the Ryukyu Islands, Japan",9/16/2020,1:17 AM
us7000bntd,us,21.79,3.6,2.51E+15,"154 km SSE of Sand Point, Alaska",9/16/2020,1:26 AM
us7000bnuw,us,59.27,4.3,1.26E+16,"70 km WNW of Illapel, Chile",9/16/2020,6:30 AM
us7000bnv6,us,431.68,4.5,2.00E+16,"176 km S of Alo, Wallis and Futuna",9/16/2020,6:50 AM
us7000bnv7,us,39.73,4.7,3.16E+16,"50 km N of Tulagi, Solomon Islands",9/16/2020,6:48 AM
us7000bnvp,us,118.79,5.6,2.51E+17,southeast of the Loyalty Islands,9/16/2020,8:44 AM
us7000bnw5,us,10,4.3,1.26E+16,"112 km SE of Nabire, Indonesia",9/16/2020,11:38 AM
us7000bnw7,us,3.99,2.4,1.58E+14,"14 km SW of Stanley, Idaho",9/16/2020,11:51 AM
us7000bnw9,us,18.79,4.5,2.00E+16,"2 km SSE of Villa Riva, Dominican Republic",9/16/2020,12:06 PM
us7000bnxn,us,10,4.7,3.16E+16,"16 km N of GÃ¼roymak, Turkey",9/16/2020,2:48 PM
us7000bnxw,us,28.6,4.9,5.01E+16,south of the Kermadec Islands,9/16/2020,3:08 PM
us7000bnxy,us,155.97,2.7,3.16E+14,"261 km W of Adak, Alaska",9/7/2020,2:56 AM
us7000bnxz,us,10,2.7,3.16E+14,"104 km ESE of Sand Point, Alaska",9/7/2020,9:51 AM
us7000bny2,us,20.37,2.9,5.01E+14,"104 km SSE of Akutan, Alaska",9/7/2020,1:18 PM
us7000bny6,us,53.31,2.6,2.51E+14,"50 km S of King Cove, Alaska",9/7/2020,5:58 PM
us7000bny7,us,46.08,2.6,2.51E+14,"37 km SSE of Adak, Alaska",9/7/2020,8:22 PM
us7000bnyj,us,104.01,4.5,2.00E+16,"184 km WSW of Merizo Village, Guam",9/11/2020,2:28 AM
us7000bnyk,us,171.53,4.2,1.00E+16,"177 km S of Shimoda, Japan",9/11/2020,2:09 AM
us7000bnyq,us,539.45,4.1,7.94E+15,"46 km WSW of Palimbang, Philippines",9/11/2020,4:25 AM
us7000bnys,us,10,4.3,1.26E+16,western Indian-Antarctic Ridge,9/11/2020,6:45 AM
us7000bnz5,us,490.36,4.3,1.26E+16,south of the Fiji Islands,9/11/2020,5:16 PM
us7000bnze,us,10,4.7,3.16E+16,north of Ascension Island,9/11/2020,4:58 PM
us7000bnzf,us,10,4.5,2.00E+16,South Shetland Islands,9/11/2020,11:04 PM
us7000bnzg,us,503.72,4.1,7.94E+15,south of the Fiji Islands,9/11/2020,11:34 PM
us7000bnzh,us,131.61,5,6.31E+16,"16 km SSW of Tomakomai, Japan",9/11/2020,10:13 PM
us7000bnzi,us,10,5,6.31E+16,southern Mid-Atlantic Ridge,9/11/2020,11:46 PM
us7000bnzj,us,10,5,6.31E+16,southern Mid-Atlantic Ridge,9/11/2020,11:54 PM
us7000bp1y,us,51.54,4.7,3.16E+16,"44 km SW of Jiquilillo, Nicaragua",9/16/2020,6:14 PM
us7000bp37,us,133.32,4.3,1.26E+16,"10 km S of Hakodate, Japan",9/16/2020,7:04 PM
us7000bp66,us,117.73,4.3,1.26E+16,"24 km SSE of Khorugh, Tajikistan",9/16/2020,9:31 PM
us7000bp69,us,23.7,3.8,3.98E+15,"73 km SE of Adak, Alaska",9/16/2020,12:51 AM
us7000bp6e,us,10,3.1,7.94E+14,"2 km ESE of Maria Antonia, Puerto Rico",9/16/2020,9:57 PM
us7000bp6w,us,35,4,6.31E+15,"50 km SSE of Adak, Alaska",9/16/2020,2:57 PM
us7000bp7n,us,64.73,4.7,3.16E+16,"6 km WNW of Yamada, Japan",9/17/2020,12:18 AM
us7000bp7s,us,95.98,5.2,1.00E+17,"7 km SSW of Motozintla, Mexico",9/17/2020,1:13 AM
us7000bp82,us,35,4.8,3.98E+16,"46 km SSW of Coquimbo, Chile",9/17/2020,1:33 AM
us7000bp89,us,17.27,4.5,2.00E+16,"91 km E of Yujing, Taiwan",9/17/2020,1:37 AM
us7000bp8j,us,10,4.3,1.26E+16,"122 km SSW of Tual, Indonesia",9/17/2020,2:25 AM
us7000bp8n,us,10,5.7,3.16E+17,central Mid-Atlantic Ridge,9/17/2020,3:00 AM
us7000bp8p,us,76.07,4.6,2.51E+16,"248 km WNW of Tual, Indonesia",9/17/2020,3:08 AM
us7000bp8s,us,64.76,5.1,7.94E+16,"67 km W of Panguna, Papua New Guinea",9/17/2020,3:27 AM
us7000bp8u,us,153.36,4.2,1.00E+16,"Rat Islands, Aleutian Islands, Alaska",9/17/2020,3:29 AM
us7000bp8y,us,5,3,6.31E+14,"11 km NNW of Midland, Texas",9/17/2020,3:49 AM
us7000bp9m,us,51.85,4.6,2.51E+16,"6 km NNW of Funaishikawa, Japan",9/17/2020,5:00 AM
us7000bpa1,us,139.17,4.3,1.26E+16,"166 km S of San Pedro de Atacama, Chile",9/17/2020,5:50 AM
us7000bpa5,us,10,4.8,3.98E+16,"Southern Qinghai, China",9/17/2020,6:11 AM
us7000bpaz,us,35,4.3,1.26E+16,"60 km SSW of Sand Point, Alaska",9/17/2020,7:51 AM
us7000bpba,us,35,4.2,1.00E+16,"81 km SW of Cabeza de Toro, Mexico",9/17/2020,8:17 AM
us7000bpbq,us,160.16,4.6,2.51E+16,"68 km ENE of Palca, Peru",9/17/2020,10:02 AM
us7000bpbx,us,182.77,5.5,2.00E+17,Banda Sea,9/17/2020,10:32 AM
us7000bpc8,us,34,4.4,1.58E+16,"Komandorskiye Ostrova, Russia region",9/17/2020,11:41 AM
us7000bpd0,us,74.55,4.5,2.00E+16,"153 km SSE of Lata, Solomon Islands",9/12/2020,12:41 AM
us7000bpd2,us,78.6,4.4,1.58E+16,"87 km SE of Hihifo, Tonga",9/12/2020,4:35 AM
us7000bpd9,us,62.41,4.4,1.58E+16,"20 km SE of Hitachi, Japan",9/12/2020,2:38 AM
us7000bpdc,us,48.99,4.2,1.00E+16,"52 km SE of ÅŒfunato, Japan",9/12/2020,3:02 AM
us7000bpdd,us,14.69,4.6,2.51E+16,"88 km NW of Port-Vila, Vanuatu",9/12/2020,9:04 AM
us7000bpde,us,14.01,4.6,2.51E+16,"98 km NW of Port-Vila, Vanuatu",9/12/2020,9:07 AM
us7000bpdf,us,10,4.2,1.00E+16,"91 km NW of Port-Vila, Vanuatu",9/12/2020,8:55 AM
us7000bpdj,us,40.09,4.3,1.26E+16,"103 km WNW of Kirakira, Solomon Islands",9/12/2020,10:11 AM
us7000bpdk,us,31.16,4.2,1.00E+16,"51 km E of Nabire, Indonesia",9/12/2020,10:16 AM
us7000bpds,us,37.43,4.3,1.26E+16,"19 km ENE of Gili Air, Indonesia",9/12/2020,3:11 PM
us7000bpdu,us,46.31,4.4,1.58E+16,south of the Kermadec Islands,9/12/2020,3:49 PM
us7000bpdy,us,13.67,4.8,3.98E+16,South Shetland Islands,9/12/2020,9:23 PM
us7000bpe0,us,36.17,4.2,1.00E+16,"96 km SE of ÅŒfunato, Japan",9/12/2020,8:29 PM
us7000bpe1,us,62.32,4.2,1.00E+16,"235 km SSE of Tateyama, Japan",9/12/2020,11:42 PM
us7000bpf6,us,43.44,4.6,2.51E+16,"186 km SE of Sarangani, Philippines",9/13/2020,12:41 AM
us7000bpf7,us,10,4.6,2.51E+16,South Sandwich Islands region,9/13/2020,1:00 AM
us7000bpfc,us,47.07,4.4,1.58E+16,"101 km SSE of Kokopo, Papua New Guinea",9/13/2020,3:36 AM
us7000bpfd,us,232.03,4,6.31E+15,"133 km NNW of Saipan, Northern Mariana Islands",9/13/2020,3:44 AM
us7000bpfe,us,594.51,4.1,7.94E+15,Fiji region,9/13/2020,3:50 AM
us7000bpff,us,556.61,4.1,7.94E+15,"54 km WSW of Palimbang, Philippines",9/13/2020,4:05 AM
us7000bpfh,us,10,4.7,3.16E+16,South Shetland Islands,9/13/2020,5:18 AM
us7000bpfi,us,100.73,4.2,1.00E+16,"165 km E of Kokopo, Papua New Guinea",9/13/2020,5:34 AM
us7000bpfs,us,10,4.1,7.94E+15,Chagos Archipelago region,9/13/2020,9:12 AM
us7000bpfv,us,54.35,4.1,7.94E+15,"132 km S of Kokopo, Papua New Guinea",9/13/2020,9:47 AM
us7000bpfx,us,10,4.6,2.51E+16,South Shetland Islands,9/13/2020,5:03 AM
us7000bpg1,us,10,4.4,1.58E+16,South Sandwich Islands region,9/13/2020,3:17 PM
us7000bpg2,us,9.33,4.3,1.26E+16,"117 km ESE of Nago, Japan",9/13/2020,3:57 PM
us7000bpg3,us,16.29,4.5,2.00E+16,"60 km SW of Guangyuan, China",9/13/2020,4:24 PM
us7000bpg4,us,10,4.6,2.51E+16,Carlsberg Ridge,9/13/2020,4:59 PM
us7000bpg7,us,527.98,4.3,1.26E+16,"261 km E of Levuka, Fiji",9/13/2020,7:04 PM
us7000bpgb,us,35,4.1,7.94E+15,"117 km ESE of ÅŒfunato, Japan",9/13/2020,9:24 PM
us7000bpgc,us,35,4.5,2.00E+16,south of the Kermadec Islands,9/13/2020,9:44 PM
us7000bpgd,us,65.57,4.4,1.58E+16,"11 km ESE of Talisay, Philippines",9/13/2020,10:16 PM
us7000bpgf,us,10,4.2,1.00E+16,"101 km NW of Port-Vila, Vanuatu",9/13/2020,9:37 PM
us7000bpgg,us,84.11,4.7,3.16E+16,South Sandwich Islands region,9/13/2020,8:45 PM
us7000bpgh,us,118.44,4.2,1.00E+16,"Kepulauan Babar, Indonesia",9/13/2020,11:36 PM
us7000bpgy,us,35,4.9,5.01E+16,"92 km WNW of Abepura, Indonesia",9/17/2020,4:01 PM
us7000bphd,us,26.17,4.8,3.98E+16,"46 km SSW of Duki, Pakistan",9/17/2020,4:42 PM
us7000bphn,us,10,5.6,2.51E+17,"260 km SSE of Alo, Wallis and Futuna",9/17/2020,5:01 PM
us7000bpil,us,10,2.3,1.26E+14,"36 km NW of Stanley, Idaho",9/10/2020,5:47 PM
us7000bpip,us,167.64,4.1,7.94E+15,"84 km NE of San Pedro de Atacama, Chile",9/17/2020,6:24 PM
us7000bpiw,us,10.08,4.4,1.58E+16,"169 km WSW of Ovalle, Chile",9/17/2020,6:44 PM
us7000bpkc,us,10,3.9,5.01E+15,"219 km SE of Sand Point, Alaska",9/17/2020,7:44 PM
us7000bpmt,us,10,4.3,1.26E+16,central Mediterranean Sea,9/17/2020,11:32 PM
us7000bpn1,us,10,4,6.31E+15,"24 km W of Ahlat, Turkey",9/18/2020,12:15 AM
us7000bpnl,us,10,3.2,1.00E+15,"20 km NW of SalvaleÃ³n de HigÃ¼ey, Dominican Republic",9/18/2020,3:23 AM
us7000bpnu,us,81.56,4.6,2.51E+16,"73 km SSE of Klyuchi, Russia",9/18/2020,4:09 AM
us7000bppv,us,0,2,6.31E+13,"4 km ESE of Lindsay, Texas",9/18/2020,6:44 AM
us7000bppw,us,127.98,4.4,1.58E+16,"136 km SSW of Kashgar, China",9/18/2020,6:47 AM
us7000bpq0,us,5,4.2,1.00E+16,"14 km NW of YazÄ±han, Turkey",9/18/2020,6:54 AM
us7000bpq2,us,10,3.1,7.94E+14,"20 km WNW of Stanley, Idaho",9/18/2020,7:02 AM
us7000bpqr,us,10,4.6,2.51E+16,"46 km W of Anshun, China",9/18/2020,8:24 AM
us7000bpqu,us,166.78,4.5,2.00E+16,"38 km SSE of FarkhÄr, Afghanistan",9/18/2020,8:37 AM
us7000bpr6,us,10,3.1,7.94E+14,off the coast of Oregon,9/18/2020,10:13 AM
us7000bprf,us,10,4.6,2.51E+16,"60 km ENE of Kuqa, China",9/18/2020,10:44 AM
us7000bpsc,us,72.76,4.4,1.58E+16,"296 km SSE of Isangel, Vanuatu",9/14/2020,12:20 AM
us7000bpse,us,12.94,4.5,2.00E+16,"38 km E of Cortes, Philippines",9/14/2020,2:18 AM
us7000bpsh,us,50.31,4.5,2.00E+16,"291 km NNE of Saipan, Northern Mariana Islands",9/14/2020,4:54 AM
us7000bpsk,us,10,4.8,3.98E+16,Prince Edward Islands region,9/14/2020,2:36 AM
us7000bpsn,us,10,4.2,1.00E+16,"27 km SE of GerÄsh, Iran",9/14/2020,9:26 AM
us7000bpsq,us,180.46,4.1,7.94E+15,"83 km E of Lakatoro, Vanuatu",9/14/2020,10:09 AM
us7000bpss,us,180.01,4.1,7.94E+15,"Kepulauan Babar, Indonesia",9/14/2020,1:31 PM
us7000bpst,us,33.84,4.2,1.00E+16,"64 km W of Abepura, Indonesia",9/14/2020,4:01 PM
us7000bpsw,us,10,4.5,2.00E+16,central Mid-Atlantic Ridge,9/14/2020,1:23 PM
us7000bpsy,us,117.37,4.2,1.00E+16,"249 km W of Tual, Indonesia",9/14/2020,8:49 PM
us7000bpt2,us,74.49,4.5,2.00E+16,"172 km E of Kurilâ€™sk, Russia",9/14/2020,9:20 PM
us7000bpt3,us,117.95,4.4,1.58E+16,"52 km NNW of Isangel, Vanuatu",9/14/2020,9:47 PM
us7000bpt5,us,10,4.5,2.00E+16,South Shetland Islands,9/14/2020,9:12 PM
us7000bpt6,us,512.57,4.5,2.00E+16,"258 km WNW of Haveluloto, Tonga",9/14/2020,11:26 PM
us7000bpt7,us,35,4.7,3.16E+16,South Sandwich Islands region,9/14/2020,2:45 AM
us7000bptt,us,176.66,4.1,7.94E+15,"155 km NW of Kandrian, Papua New Guinea",9/15/2020,2:26 AM
us7000bptu,us,548.14,4.5,2.00E+16,"284 km E of Levuka, Fiji",9/15/2020,3:38 AM
us7000bptv,us,35,4.1,7.94E+15,"47 km WSW of Waingapu, Indonesia",9/15/2020,3:24 AM
us7000bptw,us,10,4.4,1.58E+16,"178 km NNE of Labasa, Fiji",9/15/2020,4:18 AM
us7000bptz,us,526.64,4.4,1.58E+16,south of the Fiji Islands,9/15/2020,12:53 AM
us7000bpu1,us,10,4.5,2.00E+16,"139 km ESE of Hirara, Japan",9/15/2020,4:23 AM
us7000bpu2,us,22.14,4.5,2.00E+16,"42 km WSW of Attu Station, Alaska",9/15/2020,3:30 AM
us7000bpu3,us,10,4.6,2.51E+16,"136 km ENE of Nagqu, China",9/15/2020,4:38 AM
us7000bpu7,us,62.49,4.4,1.58E+16,"193 km S of Sarangani, Philippines",9/15/2020,1:56 PM
us7000bpua,us,63.25,4.5,2.00E+16,"76 km SW of Bandar Lampung, Indonesia",9/15/2020,3:46 PM
us7000bpub,us,49.03,4.1,7.94E+15,"194 km SE of Sarangani, Philippines",9/15/2020,3:51 PM
us7000bpuc,us,10,4.7,3.16E+16,south of the Kermadec Islands,9/15/2020,4:42 PM
us7000bpue,us,36.43,4.5,2.00E+16,South Sandwich Islands region,9/15/2020,2:03 PM
us7000bpuh,us,35,4.2,1.00E+16,"201 km SE of Sarangani, Philippines",9/15/2020,2:30 PM
us7000bpui,us,10,4.5,2.00E+16,South Shetland Islands,9/15/2020,2:41 PM
us7000bpul,us,56.92,4.7,3.16E+16,"60 km E of Puerto Ocopa, Peru",9/15/2020,4:22 PM
us7000bpuq,us,10,4.4,1.58E+16,Antarctica,9/15/2020,1:26 AM
us7000bpvg,us,5,2.4,1.58E+14,"12 km NNW of Midland, Texas",9/18/2020,4:21 PM
us7000bpvt,us,44.49,5.9,5.01E+17,"Crete, Greece",9/18/2020,4:28 PM
us7000bpx2,us,53.01,5,6.31E+16,"32 km SW of Murghob, Tajikistan",9/18/2020,5:47 PM
us7000bpxe,us,146.48,3.2,1.00E+15,"259 km W of Adak, Alaska",9/10/2020,4:19 AM
us7000bpxl,us,70.89,3.7,3.16E+15,"21 km S of Atka, Alaska",9/10/2020,3:59 PM
us7000bpxr,us,10,3,6.31E+14,"240 km SE of Chiniak, Alaska",9/10/2020,10:08 PM
us7000bpxt,us,24.84,5.2,1.00E+17,"153 km WNW of Tobelo, Indonesia",9/18/2020,6:43 PM
us7000bpzl,us,10,4.7,3.16E+16,"67 km E of Qapqal, China",9/18/2020,8:55 PM
us7000bpzv,us,133.93,5.2,1.00E+17,"121 km N of Lae, Papua New Guinea",9/18/2020,8:59 PM
us7000bq0a,us,334.97,4.4,1.58E+16,"285 km W of Haveluloto, Tonga",9/18/2020,8:41 PM
us7000bq0y,us,5,3.8,3.98E+15,"50 km W of Mentone, Texas",9/18/2020,9:48 PM
us7000bq10,us,10,6.9,5.01E+18,central Mid-Atlantic Ridge,9/18/2020,9:43 PM
us7000bq2k,us,35,2.6,2.51E+14,"101 km SW of Adak, Alaska",9/6/2020,9:40 PM
us7000bq36,us,5,2.3,1.26E+14,"5 km SE of Gardendale, Texas",9/19/2020,12:04 AM
us7000bq3f,us,5,2.4,1.58E+14,"6 km SE of Gardendale, Texas",9/19/2020,12:50 AM
us7000bq4m,us,10,3.3,1.26E+15,"6 km NW of Santiago, Costa Rica",9/19/2020,2:21 AM
us7000bq4q,us,42.47,4.4,1.58E+16,"99 km E of Mutsu, Japan",9/19/2020,5:24 AM
us7000bq4s,us,73.86,4.4,1.58E+16,"9 km NW of Puerto Madero, Mexico",9/19/2020,6:03 AM
us7000bq51,us,66.28,3.9,5.01E+15,"24 km SSW of Iquique, Chile",9/19/2020,7:01 AM
us7000bq5p,us,119.56,5,6.31E+16,"161 km N of Calama, Chile",9/19/2020,9:26 AM
us7000bq5r,us,10,4.4,1.58E+16,"3 km ENE of Ceyhan, Turkey",9/19/2020,9:30 AM
us7000bq6c,us,10,5.3,1.26E+17,South Shetland Islands,9/19/2020,11:11 AM
us7000bq6d,us,5.05,2.5,2.00E+14,"19 km SW of Stanley, Idaho",9/19/2020,11:22 AM
us7000bq78,us,190.52,4.4,1.58E+16,"114 km W of San Antonio de los Cobres, Argentina",9/19/2020,2:17 PM
us7000bq88,us,10,2.5,2.00E+14,"15 km W of Stanley, Idaho",9/19/2020,4:50 PM
us7000bq9j,us,10,4.2,1.00E+16,"97 km E of Kyzyl-Eshme, Kyrgyzstan",9/19/2020,7:09 PM
us7000bqa2,us,9.1,3.6,2.51E+15,"110 km SE of King Cove, Alaska",9/19/2020,8:28 PM
us7000bqa6,us,13.89,3,6.31E+14,southern Idaho,9/19/2020,8:55 PM
us7000bqa7,us,115,4.3,1.26E+16,"94 km E of CopiapÃ³, Chile",9/19/2020,8:56 PM
us7000bqaf,us,10,5.7,3.16E+17,Mid-Indian Ridge,9/19/2020,9:09 PM
us7000bqah,us,15.25,2.4,1.58E+14,"13 km WNW of Stanley, Idaho",9/19/2020,9:20 PM
us7000bqav,us,13.46,3,6.31E+14,"15 km WNW of Stanley, Idaho",9/19/2020,9:42 PM
us7000bqbc,us,35,2.9,5.01E+14,"116 km ESE of Atka, Alaska",9/19/2020,10:02 PM
us7000bqbu,us,10,5,6.31E+16,"114 km SW of Lata, Solomon Islands",9/19/2020,11:22 PM
us7000bqc1,us,19.84,4.6,2.51E+16,"15 km E of Daigo, Japan",9/20/2020,12:04 AM
us7000bqcd,us,121.35,4.5,2.00E+16,"248 km N of Saipan, Northern Mariana Islands",9/20/2020,1:32 AM
us7000bqcm,us,56.69,5,6.31E+16,"6 km NNE of Falam, Myanmar",9/20/2020,1:59 AM
us7000bqcq,us,10,3.9,5.01E+15,"197 km SE of Akutan, Alaska",9/20/2020,2:07 AM
us7000bqdw,us,10,3.2,1.00E+15,"11 km W of Santa Tecla, El Salvador",9/19/2020,10:23 PM
us7000bqe0,us,144.74,4.5,2.00E+16,"14 km N of Tisco, Peru",9/20/2020,5:29 AM
us7000bqf6,us,10,4.4,1.58E+16,"74 km SSW of KastrÃ­, Greece",9/20/2020,8:15 AM
us7000bqf9,us,93.87,4.6,2.51E+16,"92 km SE of Pondaguitan, Philippines",9/20/2020,8:14 AM
us7000bqfh,us,5,2.3,1.26E+14,"10 km SSW of Manzanola, Colorado",9/18/2020,9:50 PM
us7000bqfp,us,140.27,4.3,1.26E+16,"20 km S of Ruteng, Indonesia",9/20/2020,9:21 AM
us7000bqg0,us,10,5.4,1.58E+17,"Galapagos Islands, Ecuador region",9/20/2020,9:42 AM
us7000bqg4,us,10,4.7,3.16E+16,"Galapagos Islands, Ecuador region",9/20/2020,9:50 AM
us7000bqgi,us,70.9,4.8,3.98E+16,"18 km S of Katsuura, Japan",9/20/2020,10:48 AM
us7000bqgv,us,10,4,6.31E+15,"12 km SE of GraÄac, Croatia",9/20/2020,10:59 AM
us7000bqi2,us,181.23,5,6.31E+16,"13 km NE of Tanlad, Philippines",9/20/2020,1:28 PM
us7000bqik,us,10,5,6.31E+16,"184 km W of Panguna, Papua New Guinea",9/20/2020,4:55 PM
us7000bqir,us,192.35,4.5,2.00E+16,"112 km W of San Antonio de los Cobres, Argentina",9/20/2020,5:18 PM
us7000bqiw,us,10,3.6,2.51E+15,"63 km E of San Vicente, Mexico",9/20/2020,5:31 PM
us7000bqix,us,10,4.7,3.16E+16,"8 km NW of Claveria, Philippines",9/20/2020,5:47 PM
us7000bqjg,us,10,5.2,1.00E+17,"25 km NE of Emirgazi, Turkey",9/20/2020,7:08 PM
us7000bqk7,us,42.98,4.3,1.26E+16,"69 km WNW of Vallenar, Chile",9/20/2020,8:11 PM
us7000bqkl,us,142.43,4.5,2.00E+16,"51 km ENE of Murghob, Tajikistan",9/20/2020,8:41 PM
us7000bql2,us,9,5.8,3.98E+17,"53 km E of Cortes, Philippines",9/20/2020,10:13 PM
us7000bql4,us,10,3.4,1.58E+15,"218 km WSW of Adak, Alaska",9/20/2020,1:07 AM
us7000bql5,us,10,5.3,1.26E+17,"84 km E of Cortes, Philippines",9/20/2020,10:21 PM
us7000bqlw,us,10,4.6,2.51E+16,"127 km ESE of Yujing, Taiwan",9/20/2020,11:54 PM
us7000bqme,us,14.25,2.7,3.16E+14,"21 km WNW of Stanley, Idaho",9/21/2020,1:47 AM
us7000bqmj,us,5,2.1,7.94E+13,"18 km SSE of Greenwood, Canada",9/19/2020,5:06 AM
us7000bqml,us,5,1.8,3.98E+13,"32 km NNW of Hampton, Canada",9/20/2020,12:41 AM
us7000bqn0,us,10,3.6,2.51E+15,"279 km ESE of Chiniak, Alaska",9/21/2020,3:05 AM
us7000bqnj,us,10,4.5,2.00E+16,Revilla Gigedo Islands region,9/21/2020,4:22 AM
us7000bqnk,us,10,4.4,1.58E+16,"98 km SW of Altata, Mexico",9/21/2020,4:35 AM
us7000bqp9,us,109.27,4.1,7.94E+15,"Kepulauan Babar, Indonesia",9/21/2020,6:34 AM
us7000bqpl,us,10,4.9,5.01E+16,Revilla Gigedo Islands region,9/21/2020,9:00 AM
us7000bqqd,us,44.6,4.5,2.00E+16,"122 km ENE of Palopo, Indonesia",9/21/2020,10:26 AM
us7000bqqj,us,10,4.5,2.00E+16,"69 km ESE of Qapqal, China",9/21/2020,11:18 AM
us7000bqqp,us,105.49,4.1,7.94E+15,"144 km ESE of Iquique, Chile",9/21/2020,11:59 AM
us7000bqqs,us,10,4.7,3.16E+16,central East Pacific Rise,9/21/2020,12:06 PM
us7000bqqu,us,10,5.5,2.00E+17,central East Pacific Rise,9/21/2020,12:27 PM
us7000bqr1,us,10,4.6,2.51E+16,"Izu Islands, Japan region",9/21/2020,1:15 PM
us7000bqr4,us,10,5.8,3.98E+17,central East Pacific Rise,9/21/2020,1:37 PM
us7000bqrk,us,10,4.7,3.16E+16,"119 km W of Santa Genoveva de DocordÃ³, Colombia",9/21/2020,2:59 PM
